class,class_label_en,class_label_it,group,group_label_en,group_label_it,division,division_label_en,division_label_it,section,section_label_en,section_label_it
01.11,"01.11 Growing of cereals, other than rice, leguminous crops and oil seeds","01.11 Coltivazione di cereali, legumi da granella e semi oleosi, escluso il riso",01.1,01.1 Growing of non-perennial crops,01.1 Coltivazione di colture agricole non permanenti,01,"01 Crop and animal production, hunting and related service activities","01 Produzioni vegetali e animali, caccia e servizi connessi",A,"A AGRICULTURE, FORESTRY AND FISHING","A AGRICOLTURA, SILVICOLTURA E PESCA"
01.12,01.12 Growing of rice,01.12 Coltivazione di riso,01.1,01.1 Growing of non-perennial crops,01.1 Coltivazione di colture agricole non permanenti,01,"01 Crop and animal production, hunting and related service activities","01 Produzioni vegetali e animali, caccia e servizi connessi",A,"A AGRICULTURE, FORESTRY AND FISHING","A AGRICOLTURA, SILVICOLTURA E PESCA"
01.13,"01.13 Growing of vegetables and melons, roots and tubers","01.13 Coltivazione di ortaggi e meloni, radici e tuberi",01.1,01.1 Growing of non-perennial crops,01.1 Coltivazione di colture agricole non permanenti,01,"01 Crop and animal production, hunting and related service activities","01 Produzioni vegetali e animali, caccia e servizi connessi",A,"A AGRICULTURE, FORESTRY AND FISHING","A AGRICOLTURA, SILVICOLTURA E PESCA"
01.14,01.14 Growing of sugar cane,01.14 Coltivazione di canna da zucchero,01.1,01.1 Growing of non-perennial crops,01.1 Coltivazione di colture agricole non permanenti,01,"01 Crop and animal production, hunting and related service activities","01 Produzioni vegetali e animali, caccia e servizi connessi",A,"A AGRICULTURE, FORESTRY AND FISHING","A AGRICOLTURA, SILVICOLTURA E PESCA"
01.15,01.15 Growing of tobacco,01.15 Coltivazione di tabacco,01.1,01.1 Growing of non-perennial crops,01.1 Coltivazione di colture agricole non permanenti,01,"01 Crop and animal production, hunting and related service activities","01 Produzioni vegetali e animali, caccia e servizi connessi",A,"A AGRICULTURE, FORESTRY AND FISHING","A AGRICOLTURA, SILVICOLTURA E PESCA"
01.16,01.16 Growing of fibre crops,01.16 Coltivazione di piante tessili,01.1,01.1 Growing of non-perennial crops,01.1 Coltivazione di colture agricole non permanenti,01,"01 Crop and animal production, hunting and related service activities","01 Produzioni vegetali e animali, caccia e servizi connessi",A,"A AGRICULTURE, FORESTRY AND FISHING","A AGRICOLTURA, SILVICOLTURA E PESCA"
01.19,01.19 Growing of other non-perennial crops,01.19 Coltivazione di altre colture agricole non permanenti,01.1,01.1 Growing of non-perennial crops,01.1 Coltivazione di colture agricole non permanenti,01,"01 Crop and animal production, hunting and related service activities","01 Produzioni vegetali e animali, caccia e servizi connessi",A,"A AGRICULTURE, FORESTRY AND FISHING","A AGRICOLTURA, SILVICOLTURA E PESCA"
01.21,01.21 Growing of grapes,01.21 Coltivazione di uva,01.2,01.2 Growing of perennial crops,01.2 Coltivazione di colture agricole permanenti,01,"01 Crop and animal production, hunting and related service activities","01 Produzioni vegetali e animali, caccia e servizi connessi",A,"A AGRICULTURE, FORESTRY AND FISHING","A AGRICOLTURA, SILVICOLTURA E PESCA"
01.22,01.22 Growing of tropical and subtropical fruits,01.22 Coltivazione di frutta di origine tropicale e subtropicale,01.2,01.2 Growing of perennial crops,01.2 Coltivazione di colture agricole permanenti,01,"01 Crop and animal production, hunting and related service activities","01 Produzioni vegetali e animali, caccia e servizi connessi",A,"A AGRICULTURE, FORESTRY AND FISHING","A AGRICOLTURA, SILVICOLTURA E PESCA"
01.23,01.23 Growing of citrus fruits,01.23 Coltivazione di agrumi,01.2,01.2 Growing of perennial crops,01.2 Coltivazione di colture agricole permanenti,01,"01 Crop and animal production, hunting and related service activities","01 Produzioni vegetali e animali, caccia e servizi connessi",A,"A AGRICULTURE, FORESTRY AND FISHING","A AGRICOLTURA, SILVICOLTURA E PESCA"
01.24,01.24 Growing of pome fruits and stone fruits,01.24 Coltivazione di pomacee e frutta a nocciolo,01.2,01.2 Growing of perennial crops,01.2 Coltivazione di colture agricole permanenti,01,"01 Crop and animal production, hunting and related service activities","01 Produzioni vegetali e animali, caccia e servizi connessi",A,"A AGRICULTURE, FORESTRY AND FISHING","A AGRICOLTURA, SILVICOLTURA E PESCA"
01.25,01.25 Growing of other tree and bush fruits and nuts,"01.25 Coltivazione di altri alberi da frutto, frutti di bosco e frutta in guscio",01.2,01.2 Growing of perennial crops,01.2 Coltivazione di colture agricole permanenti,01,"01 Crop and animal production, hunting and related service activities","01 Produzioni vegetali e animali, caccia e servizi connessi",A,"A AGRICULTURE, FORESTRY AND FISHING","A AGRICOLTURA, SILVICOLTURA E PESCA"
01.26,01.26 Growing of oleaginous fruits,01.26 Coltivazione di frutti oleosi,01.2,01.2 Growing of perennial crops,01.2 Coltivazione di colture agricole permanenti,01,"01 Crop and animal production, hunting and related service activities","01 Produzioni vegetali e animali, caccia e servizi connessi",A,"A AGRICULTURE, FORESTRY AND FISHING","A AGRICOLTURA, SILVICOLTURA E PESCA"
01.27,01.27 Growing of beverage crops,01.27 Coltivazione di piante per la produzione di bevande,01.2,01.2 Growing of perennial crops,01.2 Coltivazione di colture agricole permanenti,01,"01 Crop and animal production, hunting and related service activities","01 Produzioni vegetali e animali, caccia e servizi connessi",A,"A AGRICULTURE, FORESTRY AND FISHING","A AGRICOLTURA, SILVICOLTURA E PESCA"
01.28,"01.28 Growing of spices, aromatic, drug and pharmaceutical crops","01.28 Coltivazione di spezie, piante aromatiche e farmaceutiche",01.2,01.2 Growing of perennial crops,01.2 Coltivazione di colture agricole permanenti,01,"01 Crop and animal production, hunting and related service activities","01 Produzioni vegetali e animali, caccia e servizi connessi",A,"A AGRICULTURE, FORESTRY AND FISHING","A AGRICOLTURA, SILVICOLTURA E PESCA"
01.29,01.29 Growing of other perennial crops,01.29 Coltivazione di altre colture agricole permanenti,01.2,01.2 Growing of perennial crops,01.2 Coltivazione di colture agricole permanenti,01,"01 Crop and animal production, hunting and related service activities","01 Produzioni vegetali e animali, caccia e servizi connessi",A,"A AGRICULTURE, FORESTRY AND FISHING","A AGRICOLTURA, SILVICOLTURA E PESCA"
01.30,01.30 Plant propagation,01.30 Riproduzione delle piante,01.3,01.3 Plant propagation,01.3 Riproduzione delle piante,01,"01 Crop and animal production, hunting and related service activities","01 Produzioni vegetali e animali, caccia e servizi connessi",A,"A AGRICULTURE, FORESTRY AND FISHING","A AGRICOLTURA, SILVICOLTURA E PESCA"
01.41,01.41 Raising of dairy cattle,01.41 Allevamento di bovini da latte,01.4,01.4 Animal production,01.4 Allevamento di animali,01,"01 Crop and animal production, hunting and related service activities","01 Produzioni vegetali e animali, caccia e servizi connessi",A,"A AGRICULTURE, FORESTRY AND FISHING","A AGRICOLTURA, SILVICOLTURA E PESCA"
01.42,01.42 Raising of other cattle and buffaloes,01.42 Allevamento di altri bovini e bufalini,01.4,01.4 Animal production,01.4 Allevamento di animali,01,"01 Crop and animal production, hunting and related service activities","01 Produzioni vegetali e animali, caccia e servizi connessi",A,"A AGRICULTURE, FORESTRY AND FISHING","A AGRICOLTURA, SILVICOLTURA E PESCA"
01.43,01.43 Raising of horses and other equines,01.43 Allevamento di cavalli e altri equini,01.4,01.4 Animal production,01.4 Allevamento di animali,01,"01 Crop and animal production, hunting and related service activities","01 Produzioni vegetali e animali, caccia e servizi connessi",A,"A AGRICULTURE, FORESTRY AND FISHING","A AGRICOLTURA, SILVICOLTURA E PESCA"
01.44,01.44 Raising of camels and camelids,01.44 Allevamento di cammelli e camelidi,01.4,01.4 Animal production,01.4 Allevamento di animali,01,"01 Crop and animal production, hunting and related service activities","01 Produzioni vegetali e animali, caccia e servizi connessi",A,"A AGRICULTURE, FORESTRY AND FISHING","A AGRICOLTURA, SILVICOLTURA E PESCA"
01.45,01.45 Raising of sheep and goats,01.45 Allevamento di ovini e caprini,01.4,01.4 Animal production,01.4 Allevamento di animali,01,"01 Crop and animal production, hunting and related service activities","01 Produzioni vegetali e animali, caccia e servizi connessi",A,"A AGRICULTURE, FORESTRY AND FISHING","A AGRICOLTURA, SILVICOLTURA E PESCA"
01.46,01.46 Raising of swine and pigs,01.46 Allevamento di suini,01.4,01.4 Animal production,01.4 Allevamento di animali,01,"01 Crop and animal production, hunting and related service activities","01 Produzioni vegetali e animali, caccia e servizi connessi",A,"A AGRICULTURE, FORESTRY AND FISHING","A AGRICOLTURA, SILVICOLTURA E PESCA"
01.47,01.47 Raising of poultry,01.47 Allevamento di pollame,01.4,01.4 Animal production,01.4 Allevamento di animali,01,"01 Crop and animal production, hunting and related service activities","01 Produzioni vegetali e animali, caccia e servizi connessi",A,"A AGRICULTURE, FORESTRY AND FISHING","A AGRICOLTURA, SILVICOLTURA E PESCA"
01.48,01.48 Raising of other animals,01.48 Allevamento di altri animali,01.4,01.4 Animal production,01.4 Allevamento di animali,01,"01 Crop and animal production, hunting and related service activities","01 Produzioni vegetali e animali, caccia e servizi connessi",A,"A AGRICULTURE, FORESTRY AND FISHING","A AGRICOLTURA, SILVICOLTURA E PESCA"
01.50,01.50 Mixed farming,01.50 Coltivazioni agricole associate all’allevamento di animali: attività mista,01.5,01.5 Mixed farming,01.5 Coltivazioni agricole associate all’allevamento di animali: attività mista,01,"01 Crop and animal production, hunting and related service activities","01 Produzioni vegetali e animali, caccia e servizi connessi",A,"A AGRICULTURE, FORESTRY AND FISHING","A AGRICOLTURA, SILVICOLTURA E PESCA"
01.61,01.61 Support activities for crop production,01.61 Attività di supporto alla produzione vegetale,01.6,01.6 Support activities to agriculture and post-harvest crop activities,01.6 Attività di supporto all’agricoltura e attività successive alla raccolta,01,"01 Crop and animal production, hunting and related service activities","01 Produzioni vegetali e animali, caccia e servizi connessi",A,"A AGRICULTURE, FORESTRY AND FISHING","A AGRICOLTURA, SILVICOLTURA E PESCA"
01.62,01.62 Support activities for animal production,01.62 Attività di supporto alla produzione animale,01.6,01.6 Support activities to agriculture and post-harvest crop activities,01.6 Attività di supporto all’agricoltura e attività successive alla raccolta,01,"01 Crop and animal production, hunting and related service activities","01 Produzioni vegetali e animali, caccia e servizi connessi",A,"A AGRICULTURE, FORESTRY AND FISHING","A AGRICOLTURA, SILVICOLTURA E PESCA"
01.63,01.63 Post-harvest crop activities and seed processing for propagation,01.63 Attività successive alla raccolta e lavorazione delle sementi per la semina,01.6,01.6 Support activities to agriculture and post-harvest crop activities,01.6 Attività di supporto all’agricoltura e attività successive alla raccolta,01,"01 Crop and animal production, hunting and related service activities","01 Produzioni vegetali e animali, caccia e servizi connessi",A,"A AGRICULTURE, FORESTRY AND FISHING","A AGRICOLTURA, SILVICOLTURA E PESCA"
01.70,"01.70 Hunting, trapping and related service activities","01.70 Caccia, cattura di animali e servizi connessi",01.7,"01.7 Hunting, trapping and related service activities","01.7 Caccia, cattura di animali e servizi connessi",01,"01 Crop and animal production, hunting and related service activities","01 Produzioni vegetali e animali, caccia e servizi connessi",A,"A AGRICULTURE, FORESTRY AND FISHING","A AGRICOLTURA, SILVICOLTURA E PESCA"
02.10,02.10 Silviculture and other forestry activities,02.10 Silvicoltura e altre attività forestali,02.1,02.1 Silviculture and other forestry activities,02.1 Silvicoltura e altre attività forestali,02,02 Forestry and logging,02 Silvicoltura e utilizzo di aree forestali,A,"A AGRICULTURE, FORESTRY AND FISHING","A AGRICOLTURA, SILVICOLTURA E PESCA"
02.20,02.20 Logging,02.20 Utilizzo di aree forestali,02.2,02.2 Logging,02.2 Utilizzo di aree forestali,02,02 Forestry and logging,02 Silvicoltura e utilizzo di aree forestali,A,"A AGRICULTURE, FORESTRY AND FISHING","A AGRICOLTURA, SILVICOLTURA E PESCA"
02.30,02.30 Gathering of wild growing non-wood products,02.30 Raccolta di prodotti selvatici non legnosi,02.3,02.3 Gathering of wild growing non-wood products,02.3 Raccolta di prodotti selvatici non legnosi,02,02 Forestry and logging,02 Silvicoltura e utilizzo di aree forestali,A,"A AGRICULTURE, FORESTRY AND FISHING","A AGRICOLTURA, SILVICOLTURA E PESCA"
02.40,02.40 Support services to forestry,02.40 Servizi di supporto per la silvicoltura,02.4,02.4 Support services to forestry,02.4 Servizi di supporto per la silvicoltura,02,02 Forestry and logging,02 Silvicoltura e utilizzo di aree forestali,A,"A AGRICULTURE, FORESTRY AND FISHING","A AGRICOLTURA, SILVICOLTURA E PESCA"
03.11,03.11 Marine fishing,03.11 Pesca marina,03.1,03.1 Fishing,03.1 Pesca,03,03 Fishing and aquaculture,03 Pesca e acquacoltura,A,"A AGRICULTURE, FORESTRY AND FISHING","A AGRICOLTURA, SILVICOLTURA E PESCA"
03.12,03.12 Freshwater fishing,03.12 Pesca in acque dolci,03.1,03.1 Fishing,03.1 Pesca,03,03 Fishing and aquaculture,03 Pesca e acquacoltura,A,"A AGRICULTURE, FORESTRY AND FISHING","A AGRICOLTURA, SILVICOLTURA E PESCA"
03.21,03.21 Marine aquaculture,03.21 Acquacoltura marina,03.2,03.2 Aquaculture,03.2 Acquacoltura,03,03 Fishing and aquaculture,03 Pesca e acquacoltura,A,"A AGRICULTURE, FORESTRY AND FISHING","A AGRICOLTURA, SILVICOLTURA E PESCA"
03.22,03.22 Freshwater aquaculture,03.22 Acquacoltura in acque dolci,03.2,03.2 Aquaculture,03.2 Acquacoltura,03,03 Fishing and aquaculture,03 Pesca e acquacoltura,A,"A AGRICULTURE, FORESTRY AND FISHING","A AGRICOLTURA, SILVICOLTURA E PESCA"
03.30,03.30 Support activities for fishing and aquaculture,03.30 Attività di supporto alla pesca e all’acquacoltura,03.3,03.3 Support activities for fishing and aquaculture,03.3 Attività di supporto alla pesca e all’acquacoltura,03,03 Fishing and aquaculture,03 Pesca e acquacoltura,A,"A AGRICULTURE, FORESTRY AND FISHING","A AGRICOLTURA, SILVICOLTURA E PESCA"
05.10,05.10 Mining of hard coal,05.10 Estrazione di antracite,05.1,05.1 Mining of hard coal,05.1 Estrazione di antracite,05,05 Mining of coal and lignite,05 Estrazione di carbone e lignite,B,B MINING AND QUARRYING,B ATTIVITÀ ESTRATTIVE
05.20,05.20 Mining of lignite,05.20 Estrazione di lignite,05.2,05.2 Mining of lignite,05.2 Estrazione di lignite,05,05 Mining of coal and lignite,05 Estrazione di carbone e lignite,B,B MINING AND QUARRYING,B ATTIVITÀ ESTRATTIVE
06.10,06.10 Extraction of crude petroleum,06.10 Estrazione di petrolio greggio,06.1,06.1 Extraction of crude petroleum,06.1 Estrazione di petrolio greggio,06,06 Extraction of crude petroleum and natural gas,06 Estrazione di petrolio greggio e gas naturale,B,B MINING AND QUARRYING,B ATTIVITÀ ESTRATTIVE
06.20,06.20 Extraction of natural gas,06.20 Estrazione di gas naturale,06.2,06.2 Extraction of natural gas,06.2 Estrazione di gas naturale,06,06 Extraction of crude petroleum and natural gas,06 Estrazione di petrolio greggio e gas naturale,B,B MINING AND QUARRYING,B ATTIVITÀ ESTRATTIVE
07.10,07.10 Mining of iron ores,07.10 Estrazione di minerali metalliferi ferrosi,07.1,07.1 Mining of iron ores,07.1 Estrazione di minerali metalliferi ferrosi,07,07 Mining of metal ores,07 Estrazione di minerali metalliferi,B,B MINING AND QUARRYING,B ATTIVITÀ ESTRATTIVE
07.21,07.21 Mining of uranium and thorium ores,07.21 Estrazione di minerali di uranio e torio,07.2,07.2 Mining of non-ferrous metal ores,07.2 Estrazione di minerali metalliferi non ferrosi,07,07 Mining of metal ores,07 Estrazione di minerali metalliferi,B,B MINING AND QUARRYING,B ATTIVITÀ ESTRATTIVE
07.29,07.29 Mining of other non-ferrous metal ores,07.29 Estrazione di altri minerali metalliferi non ferrosi,07.2,07.2 Mining of non-ferrous metal ores,07.2 Estrazione di minerali metalliferi non ferrosi,07,07 Mining of metal ores,07 Estrazione di minerali metalliferi,B,B MINING AND QUARRYING,B ATTIVITÀ ESTRATTIVE
08.11,"08.11 Quarrying of ornamental stone, limestone, gypsum, slate and other stone","08.11 Estrazione di pietre ornamentali, calcare, pietra di gesso, ardesia e altre pietre",08.1,"08.1 Quarrying of stone, sand and clay","08.1 Estrazione di pietra, sabbia e argilla",08,08 Other mining and quarrying,08 Altre attività estrattive,B,B MINING AND QUARRYING,B ATTIVITÀ ESTRATTIVE
08.12,08.12 Operation of gravel and sand pits and mining of clay and kaolin,"08.12 Estrazione di ghiaia, sabbia, argilla e caolino",08.1,"08.1 Quarrying of stone, sand and clay","08.1 Estrazione di pietra, sabbia e argilla",08,08 Other mining and quarrying,08 Altre attività estrattive,B,B MINING AND QUARRYING,B ATTIVITÀ ESTRATTIVE
08.91,08.91 Mining of chemical and fertiliser minerals,08.91 Estrazione di minerali per l’industria chimica e per la produzione di fertilizzanti,08.9,08.9 Mining and quarrying n.e.c.,08.9 Attività estrattive n.c.a.,08,08 Other mining and quarrying,08 Altre attività estrattive,B,B MINING AND QUARRYING,B ATTIVITÀ ESTRATTIVE
08.92,08.92 Extraction of peat,08.92 Estrazione di torba,08.9,08.9 Mining and quarrying n.e.c.,08.9 Attività estrattive n.c.a.,08,08 Other mining and quarrying,08 Altre attività estrattive,B,B MINING AND QUARRYING,B ATTIVITÀ ESTRATTIVE
08.93,08.93 Extraction of salt,08.93 Estrazione di sale,08.9,08.9 Mining and quarrying n.e.c.,08.9 Attività estrattive n.c.a.,08,08 Other mining and quarrying,08 Altre attività estrattive,B,B MINING AND QUARRYING,B ATTIVITÀ ESTRATTIVE
08.99,08.99 Other mining and quarrying n.e.c.,08.99 Altre attività estrattive n.c.a.,08.9,08.9 Mining and quarrying n.e.c.,08.9 Attività estrattive n.c.a.,08,08 Other mining and quarrying,08 Altre attività estrattive,B,B MINING AND QUARRYING,B ATTIVITÀ ESTRATTIVE
09.10,09.10 Support activities for petroleum and natural gas extraction,09.10 Attività di supporto all’estrazione di petrolio e gas naturale,09.1,09.1 Support activities for petroleum and natural gas extraction,09.1 Attività di supporto all’estrazione di petrolio e gas naturale,09,09 Mining support service activities,09 Attività dei servizi di supporto all’estrazione,B,B MINING AND QUARRYING,B ATTIVITÀ ESTRATTIVE
09.90,09.90 Support activities for other mining and quarrying,09.90 Attività di supporto ad altre attività estrattive,09.9,09.9 Support activities for other mining and quarrying,09.9 Attività di supporto ad altre attività estrattive,09,09 Mining support service activities,09 Attività dei servizi di supporto all’estrazione,B,B MINING AND QUARRYING,B ATTIVITÀ ESTRATTIVE
10.11,"10.11 Processing and preserving of meat, except of poultry meat","10.11 Lavorazione e conservazione di carne, esclusa la carne di volatili",10.1,10.1 Processing and preserving of meat and production of meat products,10.1 Lavorazione e conservazione di carne e produzione di prodotti a base di carne,10,10 Manufacture of food products,10 Produzione di prodotti alimentari,C,C MANUFACTURING,C ATTIVITÀ MANIFATTURIERE
10.12,10.12 Processing and preserving of poultry meat,10.12 Lavorazione e conservazione di carne di volatili,10.1,10.1 Processing and preserving of meat and production of meat products,10.1 Lavorazione e conservazione di carne e produzione di prodotti a base di carne,10,10 Manufacture of food products,10 Produzione di prodotti alimentari,C,C MANUFACTURING,C ATTIVITÀ MANIFATTURIERE
10.13,10.13 Production of meat and poultry meat products,"10.13 Produzione di prodotti a base di carne, inclusi prodotti a base di carne di volatili",10.1,10.1 Processing and preserving of meat and production of meat products,10.1 Lavorazione e conservazione di carne e produzione di prodotti a base di carne,10,10 Manufacture of food products,10 Produzione di prodotti alimentari,C,C MANUFACTURING,C ATTIVITÀ MANIFATTURIERE
10.20,"10.20 Processing and preserving of fish, crustaceans and molluscs","10.20 Lavorazione e conservazione di pesce, crostacei e molluschi",10.2,"10.2 Processing and preserving of fish, crustaceans and molluscs","10.2 Lavorazione e conservazione di pesce, crostacei e molluschi",10,10 Manufacture of food products,10 Produzione di prodotti alimentari,C,C MANUFACTURING,C ATTIVITÀ MANIFATTURIERE
10.31,10.31 Processing and preserving of potatoes,10.31 Lavorazione e conservazione di patate,10.3,10.3 Processing and preserving of fruit and vegetables,10.3 Lavorazione e conservazione di frutta e ortaggi,10,10 Manufacture of food products,10 Produzione di prodotti alimentari,C,C MANUFACTURING,C ATTIVITÀ MANIFATTURIERE
10.32,10.32 Manufacture of fruit and vegetable juice,10.32 Produzione di succhi a base di frutta e ortaggi,10.3,10.3 Processing and preserving of fruit and vegetables,10.3 Lavorazione e conservazione di frutta e ortaggi,10,10 Manufacture of food products,10 Produzione di prodotti alimentari,C,C MANUFACTURING,C ATTIVITÀ MANIFATTURIERE
10.39,10.39 Other processing and preserving of fruit and vegetables,10.39 Altre attività di lavorazione e conservazione di frutta e ortaggi,10.3,10.3 Processing and preserving of fruit and vegetables,10.3 Lavorazione e conservazione di frutta e ortaggi,10,10 Manufacture of food products,10 Produzione di prodotti alimentari,C,C MANUFACTURING,C ATTIVITÀ MANIFATTURIERE
10.41,10.41 Manufacture of oils and fats,10.41 Produzione di oli e grassi,10.4,10.4 Manufacture of vegetable and animal oils and fats,10.4 Produzione di oli e grassi vegetali e animali,10,10 Manufacture of food products,10 Produzione di prodotti alimentari,C,C MANUFACTURING,C ATTIVITÀ MANIFATTURIERE
10.42,10.42 Manufacture of margarine and similar edible fats,10.42 Produzione di margarina e di grassi alimentari simili,10.4,10.4 Manufacture of vegetable and animal oils and fats,10.4 Produzione di oli e grassi vegetali e animali,10,10 Manufacture of food products,10 Produzione di prodotti alimentari,C,C MANUFACTURING,C ATTIVITÀ MANIFATTURIERE
10.51,10.51 Manufacture of dairy products,10.51 Produzione di prodotti lattiero-caseari,10.5,10.5 Manufacture of dairy products and edible ice,10.5 Produzione di prodotti lattiero-caseari e gelati,10,10 Manufacture of food products,10 Produzione di prodotti alimentari,C,C MANUFACTURING,C ATTIVITÀ MANIFATTURIERE
10.52,10.52 Manufacture of ice cream and other edible ice,10.52 Produzione di gelati,10.5,10.5 Manufacture of dairy products and edible ice,10.5 Produzione di prodotti lattiero-caseari e gelati,10,10 Manufacture of food products,10 Produzione di prodotti alimentari,C,C MANUFACTURING,C ATTIVITÀ MANIFATTURIERE
10.61,10.61 Manufacture of grain mill products,10.61 Lavorazione di granaglie,10.6,"10.6 Manufacture of grain mill products, starches and starch products","10.6 Lavorazione di granaglie, produzione di amidi e di prodotti amidacei",10,10 Manufacture of food products,10 Produzione di prodotti alimentari,C,C MANUFACTURING,C ATTIVITÀ MANIFATTURIERE
10.62,10.62 Manufacture of starches and starch products,10.62 Produzione di amidi e di prodotti amidacei,10.6,"10.6 Manufacture of grain mill products, starches and starch products","10.6 Lavorazione di granaglie, produzione di amidi e di prodotti amidacei",10,10 Manufacture of food products,10 Produzione di prodotti alimentari,C,C MANUFACTURING,C ATTIVITÀ MANIFATTURIERE
10.71,10.71 Manufacture of bread; manufacture of fresh pastry goods and cakes,10.71 Produzione di pane; produzione di prodotti di pasticceria freschi,10.7,10.7 Manufacture of bakery and farinaceous products,10.7 Produzione di prodotti da forno e farinacei,10,10 Manufacture of food products,10 Produzione di prodotti alimentari,C,C MANUFACTURING,C ATTIVITÀ MANIFATTURIERE
10.72,"10.72 Manufacture of rusks, biscuits, preserved pastries and cakes","10.72 Produzione di fette biscottate, biscotti, prodotti di pasticceria conservati",10.7,10.7 Manufacture of bakery and farinaceous products,10.7 Produzione di prodotti da forno e farinacei,10,10 Manufacture of food products,10 Produzione di prodotti alimentari,C,C MANUFACTURING,C ATTIVITÀ MANIFATTURIERE
10.73,10.73 Manufacture of farinaceous products,10.73 Produzione di prodotti farinacei,10.7,10.7 Manufacture of bakery and farinaceous products,10.7 Produzione di prodotti da forno e farinacei,10,10 Manufacture of food products,10 Produzione di prodotti alimentari,C,C MANUFACTURING,C ATTIVITÀ MANIFATTURIERE
10.81,10.81 Manufacture of sugar,10.81 Produzione di zucchero,10.8,10.8 Manufacture of other food products,10.8 Produzione di altri prodotti alimentari,10,10 Manufacture of food products,10 Produzione di prodotti alimentari,C,C MANUFACTURING,C ATTIVITÀ MANIFATTURIERE
10.82,"10.82 Manufacture of cocoa, chocolate and sugar confectionery","10.82 Produzione di cacao, cioccolato, caramelle e confetterie",10.8,10.8 Manufacture of other food products,10.8 Produzione di altri prodotti alimentari,10,10 Manufacture of food products,10 Produzione di prodotti alimentari,C,C MANUFACTURING,C ATTIVITÀ MANIFATTURIERE
10.83,10.83 Processing of tea and coffee,10.83 Lavorazione di tè e caffè,10.8,10.8 Manufacture of other food products,10.8 Produzione di altri prodotti alimentari,10,10 Manufacture of food products,10 Produzione di prodotti alimentari,C,C MANUFACTURING,C ATTIVITÀ MANIFATTURIERE
10.84,10.84 Manufacture of condiments and seasonings,10.84 Produzione di condimenti e spezie,10.8,10.8 Manufacture of other food products,10.8 Produzione di altri prodotti alimentari,10,10 Manufacture of food products,10 Produzione di prodotti alimentari,C,C MANUFACTURING,C ATTIVITÀ MANIFATTURIERE
10.85,10.85 Manufacture of prepared meals and dishes,10.85 Produzione di pasti e piatti preparati,10.8,10.8 Manufacture of other food products,10.8 Produzione di altri prodotti alimentari,10,10 Manufacture of food products,10 Produzione di prodotti alimentari,C,C MANUFACTURING,C ATTIVITÀ MANIFATTURIERE
10.86,10.86 Manufacture of homogenised food preparations and dietetic food,10.86 Produzione di preparati omogeneizzati e di alimenti dietetici,10.8,10.8 Manufacture of other food products,10.8 Produzione di altri prodotti alimentari,10,10 Manufacture of food products,10 Produzione di prodotti alimentari,C,C MANUFACTURING,C ATTIVITÀ MANIFATTURIERE
10.89,10.89 Manufacture of other food products n.e.c.,10.89 Produzione di altri prodotti alimentari n.c.a.,10.8,10.8 Manufacture of other food products,10.8 Produzione di altri prodotti alimentari,10,10 Manufacture of food products,10 Produzione di prodotti alimentari,C,C MANUFACTURING,C ATTIVITÀ MANIFATTURIERE
10.91,10.91 Manufacture of prepared feeds for farm animals,10.91 Produzione di mangimi per l’alimentazione degli animali da allevamento,10.9,10.9 Manufacture of prepared animal feeds,10.9 Produzione di prodotti per l’alimentazione degli animali,10,10 Manufacture of food products,10 Produzione di prodotti alimentari,C,C MANUFACTURING,C ATTIVITÀ MANIFATTURIERE
10.92,10.92 Manufacture of prepared pet foods,10.92 Produzione di prodotti per l’alimentazione degli animali da compagnia,10.9,10.9 Manufacture of prepared animal feeds,10.9 Produzione di prodotti per l’alimentazione degli animali,10,10 Manufacture of food products,10 Produzione di prodotti alimentari,C,C MANUFACTURING,C ATTIVITÀ MANIFATTURIERE
11.01,"11.01 Distilling, rectifying and blending of spirits","11.01 Distillazione, rettifica e miscelatura di alcolici",11.0,11.0 Manufacture of beverages,11.0 Produzione di bevande,11,11 Manufacture of beverages,11 Produzione di bevande,C,C MANUFACTURING,C ATTIVITÀ MANIFATTURIERE
11.02,11.02 Manufacture of wine from grape,11.02 Produzione di vini da uve,11.0,11.0 Manufacture of beverages,11.0 Produzione di bevande,11,11 Manufacture of beverages,11 Produzione di bevande,C,C MANUFACTURING,C ATTIVITÀ MANIFATTURIERE
11.03,11.03 Manufacture of cider and other fruit fermented beverages,11.03 Produzione di sidro e di altre bevande fermentate a base di frutta,11.0,11.0 Manufacture of beverages,11.0 Produzione di bevande,11,11 Manufacture of beverages,11 Produzione di bevande,C,C MANUFACTURING,C ATTIVITÀ MANIFATTURIERE
11.04,11.04 Manufacture of other non-distilled fermented beverages,11.04 Produzione di altre bevande fermentate non distillate,11.0,11.0 Manufacture of beverages,11.0 Produzione di bevande,11,11 Manufacture of beverages,11 Produzione di bevande,C,C MANUFACTURING,C ATTIVITÀ MANIFATTURIERE
11.05,11.05 Manufacture of beer,11.05 Produzione di birra,11.0,11.0 Manufacture of beverages,11.0 Produzione di bevande,11,11 Manufacture of beverages,11 Produzione di bevande,C,C MANUFACTURING,C ATTIVITÀ MANIFATTURIERE
11.06,11.06 Manufacture of malt,11.06 Produzione di malto,11.0,11.0 Manufacture of beverages,11.0 Produzione di bevande,11,11 Manufacture of beverages,11 Produzione di bevande,C,C MANUFACTURING,C ATTIVITÀ MANIFATTURIERE
11.07,11.07 Manufacture of soft drinks and bottled waters,11.07 Produzione di bibite analcoliche e di acque in bottiglia,11.0,11.0 Manufacture of beverages,11.0 Produzione di bevande,11,11 Manufacture of beverages,11 Produzione di bevande,C,C MANUFACTURING,C ATTIVITÀ MANIFATTURIERE
12.00,12.00 Manufacture of tobacco products,12.00 Produzione di prodotti del tabacco,12.0,12.0 Manufacture of tobacco products,12.0 Produzione di prodotti del tabacco,12,12 Manufacture of tobacco products,12 Produzione di prodotti del tabacco,C,C MANUFACTURING,C ATTIVITÀ MANIFATTURIERE
13.10,13.10 Preparation and spinning of textile fibres,13.10 Preparazione e filatura di fibre tessili,13.1,13.1 Preparation and spinning of textile fibres,13.1 Preparazione e filatura di fibre tessili,13,13 Manufacture of textiles,13 Fabbricazione di tessili,C,C MANUFACTURING,C ATTIVITÀ MANIFATTURIERE
13.20,13.20 Weaving of textiles,13.20 Tessitura,13.2,13.2 Weaving of textiles,13.2 Tessitura,13,13 Manufacture of textiles,13 Fabbricazione di tessili,C,C MANUFACTURING,C ATTIVITÀ MANIFATTURIERE
13.30,13.30 Finishing of textiles,13.30 Finissaggio dei tessili,13.3,13.3 Finishing of textiles,13.3 Finissaggio dei tessili,13,13 Manufacture of textiles,13 Fabbricazione di tessili,C,C MANUFACTURING,C ATTIVITÀ MANIFATTURIERE
13.91,13.91 Manufacture of knitted and crocheted fabrics,13.91 Fabbricazione di tessuti a maglia e all'uncinetto,13.9,13.9 Manufacture of other textiles,13.9 Altre fabbricazioni tessili,13,13 Manufacture of textiles,13 Fabbricazione di tessili,C,C MANUFACTURING,C ATTIVITÀ MANIFATTURIERE
13.92,13.92 Manufacture of household textiles and made-up furnishing articles,13.92 Fabbricazione di tessili per la casa e l’arredo,13.9,13.9 Manufacture of other textiles,13.9 Altre fabbricazioni tessili,13,13 Manufacture of textiles,13 Fabbricazione di tessili,C,C MANUFACTURING,C ATTIVITÀ MANIFATTURIERE
13.93,13.93 Manufacture of carpets and rugs,13.93 Fabbricazione di tappeti e moquette,13.9,13.9 Manufacture of other textiles,13.9 Altre fabbricazioni tessili,13,13 Manufacture of textiles,13 Fabbricazione di tessili,C,C MANUFACTURING,C ATTIVITÀ MANIFATTURIERE
13.94,"13.94 Manufacture of cordage, rope, twine and netting","13.94 Fabbricazione di spago, corde, funi e reti",13.9,13.9 Manufacture of other textiles,13.9 Altre fabbricazioni tessili,13,13 Manufacture of textiles,13 Fabbricazione di tessili,C,C MANUFACTURING,C ATTIVITÀ MANIFATTURIERE
13.95,13.95 Manufacture of non-wovens and non-woven articles,13.95 Fabbricazione di tessuti non-tessuti e di articoli in tessuto non-tessuto,13.9,13.9 Manufacture of other textiles,13.9 Altre fabbricazioni tessili,13,13 Manufacture of textiles,13 Fabbricazione di tessili,C,C MANUFACTURING,C ATTIVITÀ MANIFATTURIERE
13.96,13.96 Manufacture of other technical and industrial textiles,13.96 Fabbricazione di altri tessuti per uso tecnico e industriale,13.9,13.9 Manufacture of other textiles,13.9 Altre fabbricazioni tessili,13,13 Manufacture of textiles,13 Fabbricazione di tessili,C,C MANUFACTURING,C ATTIVITÀ MANIFATTURIERE
13.99,13.99 Manufacture of other textiles n.e.c.,13.99 Fabbricazione di altri prodotti tessili n.c.a.,13.9,13.9 Manufacture of other textiles,13.9 Altre fabbricazioni tessili,13,13 Manufacture of textiles,13 Fabbricazione di tessili,C,C MANUFACTURING,C ATTIVITÀ MANIFATTURIERE
14.10,14.10 Manufacture of knitted and crocheted apparel,14.10 Fabbricazione di articoli a maglia e all’uncinetto,14.1,14.1 Manufacture of knitted and crocheted apparel,14.1 Fabbricazione di articoli a maglia e all’uncinetto,14,14 Manufacture of wearing apparel,14 Fabbricazione di articoli di abbigliamento,C,C MANUFACTURING,C ATTIVITÀ MANIFATTURIERE
14.21,14.21 Manufacture of outerwear,14.21 Fabbricazione di abbigliamento esterno,14.2,14.2 Manufacture of other wearing apparel and accessories,14.2 Fabbricazione di altri articoli di abbigliamento e accessori,14,14 Manufacture of wearing apparel,14 Fabbricazione di articoli di abbigliamento,C,C MANUFACTURING,C ATTIVITÀ MANIFATTURIERE
14.22,14.22 Manufacture of underwear,14.22 Fabbricazione di biancheria intima,14.2,14.2 Manufacture of other wearing apparel and accessories,14.2 Fabbricazione di altri articoli di abbigliamento e accessori,14,14 Manufacture of wearing apparel,14 Fabbricazione di articoli di abbigliamento,C,C MANUFACTURING,C ATTIVITÀ MANIFATTURIERE
14.23,14.23 Manufacture of workwear,14.23 Fabbricazione di indumenti da lavoro,14.2,14.2 Manufacture of other wearing apparel and accessories,14.2 Fabbricazione di altri articoli di abbigliamento e accessori,14,14 Manufacture of wearing apparel,14 Fabbricazione di articoli di abbigliamento,C,C MANUFACTURING,C ATTIVITÀ MANIFATTURIERE
14.24,14.24 Manufacture of leather clothes and fur apparel,14.24 Fabbricazione di abbigliamento in pelle e in pelliccia,14.2,14.2 Manufacture of other wearing apparel and accessories,14.2 Fabbricazione di altri articoli di abbigliamento e accessori,14,14 Manufacture of wearing apparel,14 Fabbricazione di articoli di abbigliamento,C,C MANUFACTURING,C ATTIVITÀ MANIFATTURIERE
14.29,14.29 Manufacture of other wearing apparel and accessories n.e.c.,14.29 Fabbricazione di altri articoli di abbigliamento e accessori n.c.a.,14.2,14.2 Manufacture of other wearing apparel and accessories,14.2 Fabbricazione di altri articoli di abbigliamento e accessori,14,14 Manufacture of wearing apparel,14 Fabbricazione di articoli di abbigliamento,C,C MANUFACTURING,C ATTIVITÀ MANIFATTURIERE
15.11,"15.11 Tanning, dressing, dyeing of leather and fur","15.11 Concia, tintura e rifinizione di pelli, cuoi e pellicce",15.1,"15.1 Tanning, dyeing, dressing of leather and fur; manufacture of luggage, handbags, saddlery and harness","15.1 Concia, tintura e rifinizione di pelli, cuoi e pellicce; fabbricazione di articoli da viaggio, borse, pelletteria e selleria",15,15 Manufacture of leather and related products of other materials,15 Fabbricazione di pelli e cuoi e articoli in pelle e simili di altri materiali,C,C MANUFACTURING,C ATTIVITÀ MANIFATTURIERE
15.12,"15.12 Manufacture of luggage, handbags, saddlery and harness of any material","15.12 Fabbricazione di articoli da viaggio, borse, pelletteria e selleria di qualsiasi materiale",15.1,"15.1 Tanning, dyeing, dressing of leather and fur; manufacture of luggage, handbags, saddlery and harness","15.1 Concia, tintura e rifinizione di pelli, cuoi e pellicce; fabbricazione di articoli da viaggio, borse, pelletteria e selleria",15,15 Manufacture of leather and related products of other materials,15 Fabbricazione di pelli e cuoi e articoli in pelle e simili di altri materiali,C,C MANUFACTURING,C ATTIVITÀ MANIFATTURIERE
15.20,15.20 Manufacture of footwear,15.20 Fabbricazione di calzature,15.2,15.2 Manufacture of footwear,15.2 Fabbricazione di calzature,15,15 Manufacture of leather and related products of other materials,15 Fabbricazione di pelli e cuoi e articoli in pelle e simili di altri materiali,C,C MANUFACTURING,C ATTIVITÀ MANIFATTURIERE
16.11,16.11 Sawmilling and planing of wood,16.11 Taglio e piallatura del legno,16.1,16.1 Sawmilling and planing of wood; processing and finishing of wood,16.1 Taglio e piallatura del legno; lavorazione e finitura del legno,16,"16 Manufacture of wood and of products of wood and cork, except furniture; manufacture of articles of straw and plaiting materials","16 Produzione e lavorazione del legno e dei prodotti a base di legno e sughero, esclusi i mobili; fabbricazione di articoli in paglia e materiale da intreccio",C,C MANUFACTURING,C ATTIVITÀ MANIFATTURIERE
16.12,16.12 Processing and finishing of wood,16.12 Lavorazione e finitura del legno,16.1,16.1 Sawmilling and planing of wood; processing and finishing of wood,16.1 Taglio e piallatura del legno; lavorazione e finitura del legno,16,"16 Manufacture of wood and of products of wood and cork, except furniture; manufacture of articles of straw and plaiting materials","16 Produzione e lavorazione del legno e dei prodotti a base di legno e sughero, esclusi i mobili; fabbricazione di articoli in paglia e materiale da intreccio",C,C MANUFACTURING,C ATTIVITÀ MANIFATTURIERE
16.21,16.21 Manufacture of veneer sheets and wood-based panels,16.21 Fabbricazione di fogli da impiallacciatura e di pannelli a base di legno,16.2,"16.2 Manufacture of products of wood, cork, straw and plaiting materials","16.2 Fabbricazione di prodotti in legno, sughero, paglia e materiali da intreccio",16,"16 Manufacture of wood and of products of wood and cork, except furniture; manufacture of articles of straw and plaiting materials","16 Produzione e lavorazione del legno e dei prodotti a base di legno e sughero, esclusi i mobili; fabbricazione di articoli in paglia e materiale da intreccio",C,C MANUFACTURING,C ATTIVITÀ MANIFATTURIERE
16.22,16.22 Manufacture of assembled parquet floors,16.22 Fabbricazione di pavimenti di legno con elementi pre-assemblati,16.2,"16.2 Manufacture of products of wood, cork, straw and plaiting materials","16.2 Fabbricazione di prodotti in legno, sughero, paglia e materiali da intreccio",16,"16 Manufacture of wood and of products of wood and cork, except furniture; manufacture of articles of straw and plaiting materials","16 Produzione e lavorazione del legno e dei prodotti a base di legno e sughero, esclusi i mobili; fabbricazione di articoli in paglia e materiale da intreccio",C,C MANUFACTURING,C ATTIVITÀ MANIFATTURIERE
16.23,16.23 Manufacture of other builders' carpentry and joinery,16.23 Fabbricazione di altri prodotti di carpenteria in legno e falegnameria per l’edilizia,16.2,"16.2 Manufacture of products of wood, cork, straw and plaiting materials","16.2 Fabbricazione di prodotti in legno, sughero, paglia e materiali da intreccio",16,"16 Manufacture of wood and of products of wood and cork, except furniture; manufacture of articles of straw and plaiting materials","16 Produzione e lavorazione del legno e dei prodotti a base di legno e sughero, esclusi i mobili; fabbricazione di articoli in paglia e materiale da intreccio",C,C MANUFACTURING,C ATTIVITÀ MANIFATTURIERE
16.24,16.24 Manufacture of wooden containers,16.24 Fabbricazione di imballaggi in legno,16.2,"16.2 Manufacture of products of wood, cork, straw and plaiting materials","16.2 Fabbricazione di prodotti in legno, sughero, paglia e materiali da intreccio",16,"16 Manufacture of wood and of products of wood and cork, except furniture; manufacture of articles of straw and plaiting materials","16 Produzione e lavorazione del legno e dei prodotti a base di legno e sughero, esclusi i mobili; fabbricazione di articoli in paglia e materiale da intreccio",C,C MANUFACTURING,C ATTIVITÀ MANIFATTURIERE
16.25,16.25 Manufacture of doors and windows of wood,16.25 Fabbricazione di porte e finestre in legno,16.2,"16.2 Manufacture of products of wood, cork, straw and plaiting materials","16.2 Fabbricazione di prodotti in legno, sughero, paglia e materiali da intreccio",16,"16 Manufacture of wood and of products of wood and cork, except furniture; manufacture of articles of straw and plaiting materials","16 Produzione e lavorazione del legno e dei prodotti a base di legno e sughero, esclusi i mobili; fabbricazione di articoli in paglia e materiale da intreccio",C,C MANUFACTURING,C ATTIVITÀ MANIFATTURIERE
16.26,16.26 Manufacture of solid fuels from vegetable biomass,16.26 Produzione di combustibili solidi da biomassa vegetale,16.2,"16.2 Manufacture of products of wood, cork, straw and plaiting materials","16.2 Fabbricazione di prodotti in legno, sughero, paglia e materiali da intreccio",16,"16 Manufacture of wood and of products of wood and cork, except furniture; manufacture of articles of straw and plaiting materials","16 Produzione e lavorazione del legno e dei prodotti a base di legno e sughero, esclusi i mobili; fabbricazione di articoli in paglia e materiale da intreccio",C,C MANUFACTURING,C ATTIVITÀ MANIFATTURIERE
16.27,16.27 Finishing of wooden products,16.27 Finitura di prodotti in legno,16.2,"16.2 Manufacture of products of wood, cork, straw and plaiting materials","16.2 Fabbricazione di prodotti in legno, sughero, paglia e materiali da intreccio",16,"16 Manufacture of wood and of products of wood and cork, except furniture; manufacture of articles of straw and plaiting materials","16 Produzione e lavorazione del legno e dei prodotti a base di legno e sughero, esclusi i mobili; fabbricazione di articoli in paglia e materiale da intreccio",C,C MANUFACTURING,C ATTIVITÀ MANIFATTURIERE
16.28,"16.28 Manufacture of other products of wood and articles of cork, straw and plaiting materials","16.28 Fabbricazione di altri prodotti in legno e articoli in sughero, paglia e materiali da intreccio",16.2,"16.2 Manufacture of products of wood, cork, straw and plaiting materials","16.2 Fabbricazione di prodotti in legno, sughero, paglia e materiali da intreccio",16,"16 Manufacture of wood and of products of wood and cork, except furniture; manufacture of articles of straw and plaiting materials","16 Produzione e lavorazione del legno e dei prodotti a base di legno e sughero, esclusi i mobili; fabbricazione di articoli in paglia e materiale da intreccio",C,C MANUFACTURING,C ATTIVITÀ MANIFATTURIERE
17.11,17.11 Manufacture of pulp,17.11 Fabbricazione di pasta-carta,17.1,"17.1 Manufacture of pulp, paper and paperboard","17.1 Fabbricazione di pasta-carta, carta e cartone",17,17 Manufacture of paper and paper products,17 Fabbricazione di carta e di prodotti di carta,C,C MANUFACTURING,C ATTIVITÀ MANIFATTURIERE
17.12,17.12 Manufacture of paper and paperboard,17.12 Fabbricazione di carta e cartone,17.1,"17.1 Manufacture of pulp, paper and paperboard","17.1 Fabbricazione di pasta-carta, carta e cartone",17,17 Manufacture of paper and paper products,17 Fabbricazione di carta e di prodotti di carta,C,C MANUFACTURING,C ATTIVITÀ MANIFATTURIERE
17.21,"17.21 Manufacture of corrugated paper, paperboard and containers of paper and paperboard","17.21 Fabbricazione di carta, cartone ondulato e di imballaggi di carta e cartone",17.2,17.2 Manufacture of articles of paper and paperboard,17.2 Fabbricazione di articoli di carta e cartone,17,17 Manufacture of paper and paper products,17 Fabbricazione di carta e di prodotti di carta,C,C MANUFACTURING,C ATTIVITÀ MANIFATTURIERE
17.22,17.22 Manufacture of household and sanitary goods and of toilet requisites,17.22 Fabbricazione di prodotti igienico-sanitari e per uso domestico in carta e ovatta di cellulosa,17.2,17.2 Manufacture of articles of paper and paperboard,17.2 Fabbricazione di articoli di carta e cartone,17,17 Manufacture of paper and paper products,17 Fabbricazione di carta e di prodotti di carta,C,C MANUFACTURING,C ATTIVITÀ MANIFATTURIERE
17.23,17.23 Manufacture of paper stationery,17.23 Fabbricazione di prodotti cartotecnici,17.2,17.2 Manufacture of articles of paper and paperboard,17.2 Fabbricazione di articoli di carta e cartone,17,17 Manufacture of paper and paper products,17 Fabbricazione di carta e di prodotti di carta,C,C MANUFACTURING,C ATTIVITÀ MANIFATTURIERE
17.24,17.24 Manufacture of wallpaper,17.24 Fabbricazione di carta da parati,17.2,17.2 Manufacture of articles of paper and paperboard,17.2 Fabbricazione di articoli di carta e cartone,17,17 Manufacture of paper and paper products,17 Fabbricazione di carta e di prodotti di carta,C,C MANUFACTURING,C ATTIVITÀ MANIFATTURIERE
17.25,17.25 Manufacture of other articles of paper and paperboard,17.25 Fabbricazione di altri articoli di carta e cartone,17.2,17.2 Manufacture of articles of paper and paperboard,17.2 Fabbricazione di articoli di carta e cartone,17,17 Manufacture of paper and paper products,17 Fabbricazione di carta e di prodotti di carta,C,C MANUFACTURING,C ATTIVITÀ MANIFATTURIERE
18.11,18.11 Printing of newspapers,18.11 Stampa di giornali,18.1,18.1 Printing and service activities related to printing,18.1 Stampa e servizi connessi alla stampa,18,18 Printing and reproduction of recorded media,18 Stampa e riproduzione di supporti registrati,C,C MANUFACTURING,C ATTIVITÀ MANIFATTURIERE
18.12,18.12 Other printing,18.12 Altra stampa,18.1,18.1 Printing and service activities related to printing,18.1 Stampa e servizi connessi alla stampa,18,18 Printing and reproduction of recorded media,18 Stampa e riproduzione di supporti registrati,C,C MANUFACTURING,C ATTIVITÀ MANIFATTURIERE
18.13,18.13 Pre-press and pre-media services,18.13 Lavorazioni preliminari alla stampa e ai media,18.1,18.1 Printing and service activities related to printing,18.1 Stampa e servizi connessi alla stampa,18,18 Printing and reproduction of recorded media,18 Stampa e riproduzione di supporti registrati,C,C MANUFACTURING,C ATTIVITÀ MANIFATTURIERE
18.14,18.14 Binding and related services,18.14 Legatoria e servizi connessi,18.1,18.1 Printing and service activities related to printing,18.1 Stampa e servizi connessi alla stampa,18,18 Printing and reproduction of recorded media,18 Stampa e riproduzione di supporti registrati,C,C MANUFACTURING,C ATTIVITÀ MANIFATTURIERE
18.20,18.20 Reproduction of recorded media,18.20 Riproduzione di supporti registrati,18.2,18.2 Reproduction of recorded media,18.2 Riproduzione di supporti registrati,18,18 Printing and reproduction of recorded media,18 Stampa e riproduzione di supporti registrati,C,C MANUFACTURING,C ATTIVITÀ MANIFATTURIERE
19.10,19.10 Manufacture of coke oven products,19.10 Fabbricazione di prodotti di cokeria,19.1,19.1 Manufacture of coke oven products,19.1 Fabbricazione di prodotti di cokeria,19,19 Manufacture of coke and refined petroleum products,19 Fabbricazione di coke e prodotti derivanti dalla raffinazione del petrolio,C,C MANUFACTURING,C ATTIVITÀ MANIFATTURIERE
19.20,19.20 Manufacture of refined petroleum products and fossil fuel products,19.20 Fabbricazione di prodotti derivanti dalla raffinazione del petrolio e prodotti da combustibili fossili,19.2,19.2 Manufacture of refined petroleum products and fossil fuel products,19.2 Fabbricazione di prodotti derivanti dalla raffinazione del petrolio e prodotti da combustibili fossili,19,19 Manufacture of coke and refined petroleum products,19 Fabbricazione di coke e prodotti derivanti dalla raffinazione del petrolio,C,C MANUFACTURING,C ATTIVITÀ MANIFATTURIERE
20.11,20.11 Manufacture of industrial gases,20.11 Fabbricazione di gas industriali,20.1,"20.1 Manufacture of basic chemicals, fertilisers and nitrogen compounds, plastics and synthetic rubber in primary forms","20.1 Fabbricazione di prodotti chimici di base, di fertilizzanti e composti azotati, di materie plastiche e gomma sintetica in forme primarie",20,20 Manufacture of chemicals and chemical products,20 Fabbricazione di prodotti chimici,C,C MANUFACTURING,C ATTIVITÀ MANIFATTURIERE
20.12,20.12 Manufacture of dyes and pigments,20.12 Fabbricazione di coloranti e pigmenti,20.1,"20.1 Manufacture of basic chemicals, fertilisers and nitrogen compounds, plastics and synthetic rubber in primary forms","20.1 Fabbricazione di prodotti chimici di base, di fertilizzanti e composti azotati, di materie plastiche e gomma sintetica in forme primarie",20,20 Manufacture of chemicals and chemical products,20 Fabbricazione di prodotti chimici,C,C MANUFACTURING,C ATTIVITÀ MANIFATTURIERE
20.13,20.13 Manufacture of other inorganic basic chemicals,20.13 Fabbricazione di altri prodotti chimici di base inorganici,20.1,"20.1 Manufacture of basic chemicals, fertilisers and nitrogen compounds, plastics and synthetic rubber in primary forms","20.1 Fabbricazione di prodotti chimici di base, di fertilizzanti e composti azotati, di materie plastiche e gomma sintetica in forme primarie",20,20 Manufacture of chemicals and chemical products,20 Fabbricazione di prodotti chimici,C,C MANUFACTURING,C ATTIVITÀ MANIFATTURIERE
20.14,20.14 Manufacture of other organic basic chemicals,20.14 Fabbricazione di altri prodotti chimici di base organici,20.1,"20.1 Manufacture of basic chemicals, fertilisers and nitrogen compounds, plastics and synthetic rubber in primary forms","20.1 Fabbricazione di prodotti chimici di base, di fertilizzanti e composti azotati, di materie plastiche e gomma sintetica in forme primarie",20,20 Manufacture of chemicals and chemical products,20 Fabbricazione di prodotti chimici,C,C MANUFACTURING,C ATTIVITÀ MANIFATTURIERE
20.15,20.15 Manufacture of fertilisers and nitrogen compounds,20.15 Fabbricazione di fertilizzanti e composti azotati,20.1,"20.1 Manufacture of basic chemicals, fertilisers and nitrogen compounds, plastics and synthetic rubber in primary forms","20.1 Fabbricazione di prodotti chimici di base, di fertilizzanti e composti azotati, di materie plastiche e gomma sintetica in forme primarie",20,20 Manufacture of chemicals and chemical products,20 Fabbricazione di prodotti chimici,C,C MANUFACTURING,C ATTIVITÀ MANIFATTURIERE
20.16,20.16 Manufacture of plastics in primary forms,20.16 Fabbricazione di materie plastiche in forme primarie,20.1,"20.1 Manufacture of basic chemicals, fertilisers and nitrogen compounds, plastics and synthetic rubber in primary forms","20.1 Fabbricazione di prodotti chimici di base, di fertilizzanti e composti azotati, di materie plastiche e gomma sintetica in forme primarie",20,20 Manufacture of chemicals and chemical products,20 Fabbricazione di prodotti chimici,C,C MANUFACTURING,C ATTIVITÀ MANIFATTURIERE
20.17,20.17 Manufacture of synthetic rubber in primary forms,20.17 Fabbricazione di gomma sintetica in forme primarie,20.1,"20.1 Manufacture of basic chemicals, fertilisers and nitrogen compounds, plastics and synthetic rubber in primary forms","20.1 Fabbricazione di prodotti chimici di base, di fertilizzanti e composti azotati, di materie plastiche e gomma sintetica in forme primarie",20,20 Manufacture of chemicals and chemical products,20 Fabbricazione di prodotti chimici,C,C MANUFACTURING,C ATTIVITÀ MANIFATTURIERE
20.20,"20.20 Manufacture of pesticides, disinfectants and other agrochemical products","20.20 Fabbricazione di fitofarmaci, disinfettanti e altri prodotti chimici per l’agricoltura",20.2,"20.2 Manufacture of pesticides, disinfectants and other agrochemical products","20.2 Fabbricazione di fitofarmaci, disinfettanti e altri prodotti chimici per l’agricoltura",20,20 Manufacture of chemicals and chemical products,20 Fabbricazione di prodotti chimici,C,C MANUFACTURING,C ATTIVITÀ MANIFATTURIERE
20.30,"20.30 Manufacture of paints, varnishes and similar coatings, printing ink and mastics","20.30 Fabbricazione di pitture, vernici e smalti, inchiostri da stampa e adesivi sintetici",20.3,"20.3 Manufacture of paints, varnishes and similar coatings, printing ink and mastics","20.3 Fabbricazione di pitture, vernici e smalti, inchiostri da stampa e adesivi sintetici",20,20 Manufacture of chemicals and chemical products,20 Fabbricazione di prodotti chimici,C,C MANUFACTURING,C ATTIVITÀ MANIFATTURIERE
20.41,"20.41 Manufacture of soap and detergents, cleaning and polishing preparations","20.41 Fabbricazione di saponi e detergenti, di prodotti per la pulizia e la lucidatura",20.4,"20.4 Manufacture of washing, cleaning and polishing preparations","20.4 Fabbricazione di prodotti per il lavaggio, la pulizia e la lucidatura",20,20 Manufacture of chemicals and chemical products,20 Fabbricazione di prodotti chimici,C,C MANUFACTURING,C ATTIVITÀ MANIFATTURIERE
20.42,20.42 Manufacture of perfumes and toilet preparations,20.42 Fabbricazione di profumi e cosmetici,20.4,"20.4 Manufacture of washing, cleaning and polishing preparations","20.4 Fabbricazione di prodotti per il lavaggio, la pulizia e la lucidatura",20,20 Manufacture of chemicals and chemical products,20 Fabbricazione di prodotti chimici,C,C MANUFACTURING,C ATTIVITÀ MANIFATTURIERE
20.51,20.51 Manufacture of liquid biofuels,20.51 Produzione di biocarburanti liquidi,20.5,20.5 Manufacture of other chemical products,20.5 Fabbricazione di altri prodotti chimici,20,20 Manufacture of chemicals and chemical products,20 Fabbricazione di prodotti chimici,C,C MANUFACTURING,C ATTIVITÀ MANIFATTURIERE
20.59,20.59 Manufacture of other chemical products n.e.c.,20.59 Fabbricazione di altri prodotti chimici n.c.a.,20.5,20.5 Manufacture of other chemical products,20.5 Fabbricazione di altri prodotti chimici,20,20 Manufacture of chemicals and chemical products,20 Fabbricazione di prodotti chimici,C,C MANUFACTURING,C ATTIVITÀ MANIFATTURIERE
20.60,20.60 Manufacture of man-made fibres,20.60 Fabbricazione di fibre sintetiche e artificiali,20.6,20.6 Manufacture of man-made fibres,20.6 Fabbricazione di fibre sintetiche e artificiali,20,20 Manufacture of chemicals and chemical products,20 Fabbricazione di prodotti chimici,C,C MANUFACTURING,C ATTIVITÀ MANIFATTURIERE
21.10,21.10 Manufacture of basic pharmaceutical products,21.10 Fabbricazione di prodotti farmaceutici di base,21.1,21.1 Manufacture of basic pharmaceutical products,21.1 Fabbricazione di prodotti farmaceutici di base,21,21 Manufacture of basic pharmaceutical products and pharmaceutical preparations,21 Fabbricazione di prodotti farmaceutici di base e di preparati farmaceutici,C,C MANUFACTURING,C ATTIVITÀ MANIFATTURIERE
21.20,21.20 Manufacture of pharmaceutical preparations,21.20 Fabbricazione di medicinali e preparati farmaceutici,21.2,21.2 Manufacture of pharmaceutical preparations,21.2 Fabbricazione di medicinali e preparati farmaceutici,21,21 Manufacture of basic pharmaceutical products and pharmaceutical preparations,21 Fabbricazione di prodotti farmaceutici di base e di preparati farmaceutici,C,C MANUFACTURING,C ATTIVITÀ MANIFATTURIERE
22.11,"22.11 Manufacture, retreading and rebuilding of rubber tyres and manufacture of tubes","22.11 Fabbricazione, rigenerazione e ricostruzione di pneumatici e fabbricazione di camere d’aria",22.1,22.1 Manufacture of rubber products,22.1 Fabbricazione di prodotti in gomma,22,22 Manufacture of rubber and plastic products,22 Fabbricazione di prodotti in gomma e in materie plastiche,C,C MANUFACTURING,C ATTIVITÀ MANIFATTURIERE
22.12,22.12 Manufacture of other rubber products,22.12 Fabbricazione di altri prodotti in gomma,22.1,22.1 Manufacture of rubber products,22.1 Fabbricazione di prodotti in gomma,22,22 Manufacture of rubber and plastic products,22 Fabbricazione di prodotti in gomma e in materie plastiche,C,C MANUFACTURING,C ATTIVITÀ MANIFATTURIERE
22.21,"22.21 Manufacture of plastic plates, sheets, tubes and profiles","22.21 Fabbricazione di lastre, fogli, tubi e profilati in materie plastiche",22.2,22.2 Manufacture of plastic products,22.2 Fabbricazione di prodotti in materie plastiche,22,22 Manufacture of rubber and plastic products,22 Fabbricazione di prodotti in gomma e in materie plastiche,C,C MANUFACTURING,C ATTIVITÀ MANIFATTURIERE
22.22,22.22 Manufacture of plastic packing goods,22.22 Fabbricazione di imballaggi in materie plastiche,22.2,22.2 Manufacture of plastic products,22.2 Fabbricazione di prodotti in materie plastiche,22,22 Manufacture of rubber and plastic products,22 Fabbricazione di prodotti in gomma e in materie plastiche,C,C MANUFACTURING,C ATTIVITÀ MANIFATTURIERE
22.23,22.23 Manufacture of doors and windows of plastic,22.23 Fabbricazione di porte e finestre in materie plastiche,22.2,22.2 Manufacture of plastic products,22.2 Fabbricazione di prodotti in materie plastiche,22,22 Manufacture of rubber and plastic products,22 Fabbricazione di prodotti in gomma e in materie plastiche,C,C MANUFACTURING,C ATTIVITÀ MANIFATTURIERE
22.24,22.24 Manufacture of builders’ ware of plastic,22.24 Fabbricazione di articoli in materie plastiche per l’edilizia,22.2,22.2 Manufacture of plastic products,22.2 Fabbricazione di prodotti in materie plastiche,22,22 Manufacture of rubber and plastic products,22 Fabbricazione di prodotti in gomma e in materie plastiche,C,C MANUFACTURING,C ATTIVITÀ MANIFATTURIERE
22.25,22.25 Processing and finishing of plastic products,22.25 Lavorazione e finitura di prodotti in materie plastiche,22.2,22.2 Manufacture of plastic products,22.2 Fabbricazione di prodotti in materie plastiche,22,22 Manufacture of rubber and plastic products,22 Fabbricazione di prodotti in gomma e in materie plastiche,C,C MANUFACTURING,C ATTIVITÀ MANIFATTURIERE
22.26,22.26 Manufacture of other plastic products,22.26 Fabbricazione di altri prodotti in materie plastiche,22.2,22.2 Manufacture of plastic products,22.2 Fabbricazione di prodotti in materie plastiche,22,22 Manufacture of rubber and plastic products,22 Fabbricazione di prodotti in gomma e in materie plastiche,C,C MANUFACTURING,C ATTIVITÀ MANIFATTURIERE
23.11,23.11 Manufacture of flat glass,23.11 Fabbricazione di vetro piano,23.1,23.1 Manufacture of glass and glass products,23.1 Fabbricazione di vetro e di prodotti in vetro,23,23 Manufacture of other non-metallic mineral products,23 Fabbricazione di altri prodotti della lavorazione di minerali non metalliferi,C,C MANUFACTURING,C ATTIVITÀ MANIFATTURIERE
23.12,23.12 Shaping and processing of flat glass,23.12 Lavorazione e trasformazione del vetro piano,23.1,23.1 Manufacture of glass and glass products,23.1 Fabbricazione di vetro e di prodotti in vetro,23,23 Manufacture of other non-metallic mineral products,23 Fabbricazione di altri prodotti della lavorazione di minerali non metalliferi,C,C MANUFACTURING,C ATTIVITÀ MANIFATTURIERE
23.13,23.13 Manufacture of hollow glass,23.13 Fabbricazione di vetro cavo,23.1,23.1 Manufacture of glass and glass products,23.1 Fabbricazione di vetro e di prodotti in vetro,23,23 Manufacture of other non-metallic mineral products,23 Fabbricazione di altri prodotti della lavorazione di minerali non metalliferi,C,C MANUFACTURING,C ATTIVITÀ MANIFATTURIERE
23.14,23.14 Manufacture of glass fibres,23.14 Fabbricazione di fibre di vetro,23.1,23.1 Manufacture of glass and glass products,23.1 Fabbricazione di vetro e di prodotti in vetro,23,23 Manufacture of other non-metallic mineral products,23 Fabbricazione di altri prodotti della lavorazione di minerali non metalliferi,C,C MANUFACTURING,C ATTIVITÀ MANIFATTURIERE
23.15,"23.15 Manufacture and processing of other glass, including technical glassware",23.15 Fabbricazione e lavorazione di altro vetro incluso il vetro per usi tecnici,23.1,23.1 Manufacture of glass and glass products,23.1 Fabbricazione di vetro e di prodotti in vetro,23,23 Manufacture of other non-metallic mineral products,23 Fabbricazione di altri prodotti della lavorazione di minerali non metalliferi,C,C MANUFACTURING,C ATTIVITÀ MANIFATTURIERE
23.20,23.20 Manufacture of refractory products,23.20 Fabbricazione di prodotti refrattari,23.2,23.2 Manufacture of refractory products,23.2 Fabbricazione di prodotti refrattari,23,23 Manufacture of other non-metallic mineral products,23 Fabbricazione di altri prodotti della lavorazione di minerali non metalliferi,C,C MANUFACTURING,C ATTIVITÀ MANIFATTURIERE
23.31,23.31 Manufacture of ceramic tiles and flags,23.31 Fabbricazione di piastrelle in ceramica per pavimenti e rivestimenti,23.3,23.3 Manufacture of clay building materials,23.3 Fabbricazione di materiali da costruzione in terracotta,23,23 Manufacture of other non-metallic mineral products,23 Fabbricazione di altri prodotti della lavorazione di minerali non metalliferi,C,C MANUFACTURING,C ATTIVITÀ MANIFATTURIERE
23.32,"23.32 Manufacture of bricks, tiles and construction products, in baked clay","23.32 Fabbricazione di mattoni, tegole e altri prodotti per l’edilizia in terracotta",23.3,23.3 Manufacture of clay building materials,23.3 Fabbricazione di materiali da costruzione in terracotta,23,23 Manufacture of other non-metallic mineral products,23 Fabbricazione di altri prodotti della lavorazione di minerali non metalliferi,C,C MANUFACTURING,C ATTIVITÀ MANIFATTURIERE
23.41,23.41 Manufacture of ceramic household and ornamental articles,23.41 Fabbricazione di prodotti in ceramica per usi domestici e ornamentali,23.4,23.4 Manufacture of other porcelain and ceramic products,23.4 Fabbricazione di altri prodotti in porcellana e in ceramica,23,23 Manufacture of other non-metallic mineral products,23 Fabbricazione di altri prodotti della lavorazione di minerali non metalliferi,C,C MANUFACTURING,C ATTIVITÀ MANIFATTURIERE
23.42,23.42 Manufacture of ceramic sanitary fixtures,23.42 Fabbricazione di articoli sanitari in ceramica,23.4,23.4 Manufacture of other porcelain and ceramic products,23.4 Fabbricazione di altri prodotti in porcellana e in ceramica,23,23 Manufacture of other non-metallic mineral products,23 Fabbricazione di altri prodotti della lavorazione di minerali non metalliferi,C,C MANUFACTURING,C ATTIVITÀ MANIFATTURIERE
23.43,23.43 Manufacture of ceramic insulators and insulating fittings,23.43 Fabbricazione di isolatori e di pezzi isolanti in ceramica,23.4,23.4 Manufacture of other porcelain and ceramic products,23.4 Fabbricazione di altri prodotti in porcellana e in ceramica,23,23 Manufacture of other non-metallic mineral products,23 Fabbricazione di altri prodotti della lavorazione di minerali non metalliferi,C,C MANUFACTURING,C ATTIVITÀ MANIFATTURIERE
23.44,23.44 Manufacture of other technical ceramic products,23.44 Fabbricazione di altri prodotti in ceramica per uso tecnico e industriale,23.4,23.4 Manufacture of other porcelain and ceramic products,23.4 Fabbricazione di altri prodotti in porcellana e in ceramica,23,23 Manufacture of other non-metallic mineral products,23 Fabbricazione di altri prodotti della lavorazione di minerali non metalliferi,C,C MANUFACTURING,C ATTIVITÀ MANIFATTURIERE
23.45,23.45 Manufacture of other ceramic products,23.45 Fabbricazione di altri prodotti in ceramica,23.4,23.4 Manufacture of other porcelain and ceramic products,23.4 Fabbricazione di altri prodotti in porcellana e in ceramica,23,23 Manufacture of other non-metallic mineral products,23 Fabbricazione di altri prodotti della lavorazione di minerali non metalliferi,C,C MANUFACTURING,C ATTIVITÀ MANIFATTURIERE
23.51,23.51 Manufacture of cement,23.51 Produzione di cemento,23.5,"23.5 Manufacture of cement, lime and plaster","23.5 Produzione di cemento, calce e gesso",23,23 Manufacture of other non-metallic mineral products,23 Fabbricazione di altri prodotti della lavorazione di minerali non metalliferi,C,C MANUFACTURING,C ATTIVITÀ MANIFATTURIERE
23.52,23.52 Manufacture of lime and plaster,23.52 Produzione di calce e gesso,23.5,"23.5 Manufacture of cement, lime and plaster","23.5 Produzione di cemento, calce e gesso",23,23 Manufacture of other non-metallic mineral products,23 Fabbricazione di altri prodotti della lavorazione di minerali non metalliferi,C,C MANUFACTURING,C ATTIVITÀ MANIFATTURIERE
23.61,23.61 Manufacture of concrete products for construction purposes,23.61 Fabbricazione di prodotti in calcestruzzo per l’edilizia,23.6,"23.6 Manufacture of articles of concrete, cement and plaster","23.6 Fabbricazione di prodotti in calcestruzzo, cemento e gesso",23,23 Manufacture of other non-metallic mineral products,23 Fabbricazione di altri prodotti della lavorazione di minerali non metalliferi,C,C MANUFACTURING,C ATTIVITÀ MANIFATTURIERE
23.62,23.62 Manufacture of plaster products for construction purposes,23.62 Fabbricazione di prodotti in gesso per l’edilizia,23.6,"23.6 Manufacture of articles of concrete, cement and plaster","23.6 Fabbricazione di prodotti in calcestruzzo, cemento e gesso",23,23 Manufacture of other non-metallic mineral products,23 Fabbricazione di altri prodotti della lavorazione di minerali non metalliferi,C,C MANUFACTURING,C ATTIVITÀ MANIFATTURIERE
23.63,23.63 Manufacture of ready-mixed concrete,23.63 Produzione di calcestruzzo pronto per l’uso,23.6,"23.6 Manufacture of articles of concrete, cement and plaster","23.6 Fabbricazione di prodotti in calcestruzzo, cemento e gesso",23,23 Manufacture of other non-metallic mineral products,23 Fabbricazione di altri prodotti della lavorazione di minerali non metalliferi,C,C MANUFACTURING,C ATTIVITÀ MANIFATTURIERE
23.64,23.64 Manufacture of mortars,23.64 Produzione di malta,23.6,"23.6 Manufacture of articles of concrete, cement and plaster","23.6 Fabbricazione di prodotti in calcestruzzo, cemento e gesso",23,23 Manufacture of other non-metallic mineral products,23 Fabbricazione di altri prodotti della lavorazione di minerali non metalliferi,C,C MANUFACTURING,C ATTIVITÀ MANIFATTURIERE
23.65,23.65 Manufacture of fibre cement,23.65 Fabbricazione di prodotti in fibrocemento,23.6,"23.6 Manufacture of articles of concrete, cement and plaster","23.6 Fabbricazione di prodotti in calcestruzzo, cemento e gesso",23,23 Manufacture of other non-metallic mineral products,23 Fabbricazione di altri prodotti della lavorazione di minerali non metalliferi,C,C MANUFACTURING,C ATTIVITÀ MANIFATTURIERE
23.66,"23.66 Manufacture of other articles of concrete, cement and plaster","23.66 Fabbricazione di altri prodotti in calcestruzzo, cemento e gesso",23.6,"23.6 Manufacture of articles of concrete, cement and plaster","23.6 Fabbricazione di prodotti in calcestruzzo, cemento e gesso",23,23 Manufacture of other non-metallic mineral products,23 Fabbricazione di altri prodotti della lavorazione di minerali non metalliferi,C,C MANUFACTURING,C ATTIVITÀ MANIFATTURIERE
23.70,"23.70 Cutting, shaping and finishing of stone","23.70 Taglio, modellatura e finitura di pietre",23.7,"23.7 Cutting, shaping and finishing of stone","23.7 Taglio, modellatura e finitura di pietre",23,23 Manufacture of other non-metallic mineral products,23 Fabbricazione di altri prodotti della lavorazione di minerali non metalliferi,C,C MANUFACTURING,C ATTIVITÀ MANIFATTURIERE
23.91,23.91 Manufacture of abrasive products,23.91 Fabbricazione di prodotti abrasivi,23.9,23.9 Manufacture of abrasive products and non-metallic mineral products n.e.c.,23.9 Fabbricazione di prodotti abrasivi e in minerali non metalliferi n.c.a.,23,23 Manufacture of other non-metallic mineral products,23 Fabbricazione di altri prodotti della lavorazione di minerali non metalliferi,C,C MANUFACTURING,C ATTIVITÀ MANIFATTURIERE
23.99,23.99 Manufacture of other non-metallic mineral products n.e.c.,23.99 Fabbricazione di altri prodotti in minerali non metalliferi n.c.a.,23.9,23.9 Manufacture of abrasive products and non-metallic mineral products n.e.c.,23.9 Fabbricazione di prodotti abrasivi e in minerali non metalliferi n.c.a.,23,23 Manufacture of other non-metallic mineral products,23 Fabbricazione di altri prodotti della lavorazione di minerali non metalliferi,C,C MANUFACTURING,C ATTIVITÀ MANIFATTURIERE
24.10,24.10 Manufacture of basic iron and steel and of ferro-alloys,"24.10 Fabbricazione di ferro, acciaio e ferroleghe",24.1,24.1 Manufacture of basic iron and steel and of ferro-alloys,"24.1 Fabbricazione di ferro, acciaio e ferroleghe",24,24 Manufacture of basic metals,24 Fabbricazione di metalli di base,C,C MANUFACTURING,C ATTIVITÀ MANIFATTURIERE
24.20,"24.20 Manufacture of tubes, pipes, hollow profiles and related fittings, of steel","24.20 Fabbricazione di tubi, condotti, profilati cavi e relativi raccordi in acciaio",24.2,"24.2 Manufacture of tubes, pipes, hollow profiles and related fittings, of steel","24.2 Fabbricazione di tubi, condotti, profilati cavi e relativi raccordi in acciaio",24,24 Manufacture of basic metals,24 Fabbricazione di metalli di base,C,C MANUFACTURING,C ATTIVITÀ MANIFATTURIERE
24.31,24.31 Cold drawing of bars,24.31 Trafilatura a freddo di barre,24.3,24.3 Manufacture of other products of first processing of steel,24.3 Fabbricazione di altri prodotti della prima trasformazione dell’acciaio,24,24 Manufacture of basic metals,24 Fabbricazione di metalli di base,C,C MANUFACTURING,C ATTIVITÀ MANIFATTURIERE
24.32,24.32 Cold rolling of narrow strip,24.32 Laminazione a freddo di nastri,24.3,24.3 Manufacture of other products of first processing of steel,24.3 Fabbricazione di altri prodotti della prima trasformazione dell’acciaio,24,24 Manufacture of basic metals,24 Fabbricazione di metalli di base,C,C MANUFACTURING,C ATTIVITÀ MANIFATTURIERE
24.33,24.33 Cold forming or folding,24.33 Profilatura mediante formatura o piegatura a freddo,24.3,24.3 Manufacture of other products of first processing of steel,24.3 Fabbricazione di altri prodotti della prima trasformazione dell’acciaio,24,24 Manufacture of basic metals,24 Fabbricazione di metalli di base,C,C MANUFACTURING,C ATTIVITÀ MANIFATTURIERE
24.34,24.34 Cold drawing of wire,24.34 Trafilatura a freddo di fili,24.3,24.3 Manufacture of other products of first processing of steel,24.3 Fabbricazione di altri prodotti della prima trasformazione dell’acciaio,24,24 Manufacture of basic metals,24 Fabbricazione di metalli di base,C,C MANUFACTURING,C ATTIVITÀ MANIFATTURIERE
24.41,24.41 Precious metals production,24.41 Produzione di metalli preziosi,24.4,24.4 Manufacture of basic precious and other non-ferrous metals,24.4 Produzione di metalli preziosi di base e di altri metalli non ferrosi,24,24 Manufacture of basic metals,24 Fabbricazione di metalli di base,C,C MANUFACTURING,C ATTIVITÀ MANIFATTURIERE
24.42,24.42 Aluminium production,24.42 Produzione di alluminio,24.4,24.4 Manufacture of basic precious and other non-ferrous metals,24.4 Produzione di metalli preziosi di base e di altri metalli non ferrosi,24,24 Manufacture of basic metals,24 Fabbricazione di metalli di base,C,C MANUFACTURING,C ATTIVITÀ MANIFATTURIERE
24.43,"24.43 Lead, zinc and tin production","24.43 Produzione di piombo, zinco e stagno",24.4,24.4 Manufacture of basic precious and other non-ferrous metals,24.4 Produzione di metalli preziosi di base e di altri metalli non ferrosi,24,24 Manufacture of basic metals,24 Fabbricazione di metalli di base,C,C MANUFACTURING,C ATTIVITÀ MANIFATTURIERE
24.44,24.44 Copper production,24.44 Produzione di rame,24.4,24.4 Manufacture of basic precious and other non-ferrous metals,24.4 Produzione di metalli preziosi di base e di altri metalli non ferrosi,24,24 Manufacture of basic metals,24 Fabbricazione di metalli di base,C,C MANUFACTURING,C ATTIVITÀ MANIFATTURIERE
24.45,24.45 Other non-ferrous metal production,24.45 Produzione di altri metalli non ferrosi,24.4,24.4 Manufacture of basic precious and other non-ferrous metals,24.4 Produzione di metalli preziosi di base e di altri metalli non ferrosi,24,24 Manufacture of basic metals,24 Fabbricazione di metalli di base,C,C MANUFACTURING,C ATTIVITÀ MANIFATTURIERE
24.46,24.46 Processing of nuclear fuel,24.46 Trattamento di combustibili nucleari,24.4,24.4 Manufacture of basic precious and other non-ferrous metals,24.4 Produzione di metalli preziosi di base e di altri metalli non ferrosi,24,24 Manufacture of basic metals,24 Fabbricazione di metalli di base,C,C MANUFACTURING,C ATTIVITÀ MANIFATTURIERE
24.51,24.51 Casting of iron,24.51 Fusione di getti in ghisa,24.5,24.5 Casting of metals,24.5 Fusione di getti in metallo,24,24 Manufacture of basic metals,24 Fabbricazione di metalli di base,C,C MANUFACTURING,C ATTIVITÀ MANIFATTURIERE
24.52,24.52 Casting of steel,24.52 Fusione di getti in acciaio,24.5,24.5 Casting of metals,24.5 Fusione di getti in metallo,24,24 Manufacture of basic metals,24 Fabbricazione di metalli di base,C,C MANUFACTURING,C ATTIVITÀ MANIFATTURIERE
24.53,24.53 Casting of light metals,24.53 Fusione di getti in metalli leggeri,24.5,24.5 Casting of metals,24.5 Fusione di getti in metallo,24,24 Manufacture of basic metals,24 Fabbricazione di metalli di base,C,C MANUFACTURING,C ATTIVITÀ MANIFATTURIERE
24.54,24.54 Casting of other non-ferrous metals,24.54 Fusione di getti in altri metalli non ferrosi,24.5,24.5 Casting of metals,24.5 Fusione di getti in metallo,24,24 Manufacture of basic metals,24 Fabbricazione di metalli di base,C,C MANUFACTURING,C ATTIVITÀ MANIFATTURIERE
25.11,25.11 Manufacture of metal structures and parts of structures,25.11 Fabbricazione di strutture metalliche e di parti di strutture metalliche,25.1,25.1 Manufacture of structural metal products,25.1 Fabbricazione di elementi da costruzione in metallo,25,"25 Manufacture of fabricated metal products, except machinery and equipment","25 Fabbricazione di prodotti in metallo, esclusi macchinari e attrezzature",C,C MANUFACTURING,C ATTIVITÀ MANIFATTURIERE
25.12,25.12 Manufacture of doors and windows of metal,25.12 Fabbricazione di porte e finestre in metallo,25.1,25.1 Manufacture of structural metal products,25.1 Fabbricazione di elementi da costruzione in metallo,25,"25 Manufacture of fabricated metal products, except machinery and equipment","25 Fabbricazione di prodotti in metallo, esclusi macchinari e attrezzature",C,C MANUFACTURING,C ATTIVITÀ MANIFATTURIERE
25.21,"25.21 Manufacture of central heating radiators, steam generators and boilers","25.21 Fabbricazione di radiatori, generatori di vapore e contenitori in metallo per caldaie per il riscaldamento centrale",25.2,"25.2 Manufacture of tanks, reservoirs and containers of metal","25.2 Fabbricazione di cisterne, serbatoi e contenitori in metallo",25,"25 Manufacture of fabricated metal products, except machinery and equipment","25 Fabbricazione di prodotti in metallo, esclusi macchinari e attrezzature",C,C MANUFACTURING,C ATTIVITÀ MANIFATTURIERE
25.22,"25.22 Manufacture of other tanks, reservoirs and containers of metal","25.22 Fabbricazione di altre cisterne, serbatoi e contenitori in metallo",25.2,"25.2 Manufacture of tanks, reservoirs and containers of metal","25.2 Fabbricazione di cisterne, serbatoi e contenitori in metallo",25,"25 Manufacture of fabricated metal products, except machinery and equipment","25 Fabbricazione di prodotti in metallo, esclusi macchinari e attrezzature",C,C MANUFACTURING,C ATTIVITÀ MANIFATTURIERE
25.30,25.30 Manufacture of weapons and ammunition,25.30 Fabbricazione di armi e munizioni,25.3,25.3 Manufacture of weapons and ammunition,25.3 Fabbricazione di armi e munizioni,25,"25 Manufacture of fabricated metal products, except machinery and equipment","25 Fabbricazione di prodotti in metallo, esclusi macchinari e attrezzature",C,C MANUFACTURING,C ATTIVITÀ MANIFATTURIERE
25.40,25.40 Forging and shaping metal and powder metallurgy,25.40 Fucinatura e formatura dei metalli e metallurgia delle polveri,25.4,25.4 Forging and shaping metal and powder metallurgy,25.4 Fucinatura e formatura dei metalli e metallurgia delle polveri,25,"25 Manufacture of fabricated metal products, except machinery and equipment","25 Fabbricazione di prodotti in metallo, esclusi macchinari e attrezzature",C,C MANUFACTURING,C ATTIVITÀ MANIFATTURIERE
25.51,25.51 Coating of metals,25.51 Rivestimento dei metalli,25.5,25.5 Treatment and coating of metals; machining,25.5 Trattamento e rivestimento dei metalli; lavori di meccanica generale,25,"25 Manufacture of fabricated metal products, except machinery and equipment","25 Fabbricazione di prodotti in metallo, esclusi macchinari e attrezzature",C,C MANUFACTURING,C ATTIVITÀ MANIFATTURIERE
25.52,25.52 Heat treatment of metals,25.52 Trattamento termico dei metalli,25.5,25.5 Treatment and coating of metals; machining,25.5 Trattamento e rivestimento dei metalli; lavori di meccanica generale,25,"25 Manufacture of fabricated metal products, except machinery and equipment","25 Fabbricazione di prodotti in metallo, esclusi macchinari e attrezzature",C,C MANUFACTURING,C ATTIVITÀ MANIFATTURIERE
25.53,25.53 Machining of metals,25.53 Lavori di meccanica generale dei metalli,25.5,25.5 Treatment and coating of metals; machining,25.5 Trattamento e rivestimento dei metalli; lavori di meccanica generale,25,"25 Manufacture of fabricated metal products, except machinery and equipment","25 Fabbricazione di prodotti in metallo, esclusi macchinari e attrezzature",C,C MANUFACTURING,C ATTIVITÀ MANIFATTURIERE
25.61,25.61 Manufacture of cutlery,25.61 Fabbricazione di articoli di coltelleria e posateria,25.6,"25.6 Manufacture of cutlery, tools and general hardware","25.6 Fabbricazione di articoli di coltelleria e posateria, utensili e oggetti di ferramenta",25,"25 Manufacture of fabricated metal products, except machinery and equipment","25 Fabbricazione di prodotti in metallo, esclusi macchinari e attrezzature",C,C MANUFACTURING,C ATTIVITÀ MANIFATTURIERE
25.62,25.62 Manufacture of locks and hinges,25.62 Fabbricazione di serrature e cerniere,25.6,"25.6 Manufacture of cutlery, tools and general hardware","25.6 Fabbricazione di articoli di coltelleria e posateria, utensili e oggetti di ferramenta",25,"25 Manufacture of fabricated metal products, except machinery and equipment","25 Fabbricazione di prodotti in metallo, esclusi macchinari e attrezzature",C,C MANUFACTURING,C ATTIVITÀ MANIFATTURIERE
25.63,25.63 Manufacture of tools,25.63 Fabbricazione di utensileria,25.6,"25.6 Manufacture of cutlery, tools and general hardware","25.6 Fabbricazione di articoli di coltelleria e posateria, utensili e oggetti di ferramenta",25,"25 Manufacture of fabricated metal products, except machinery and equipment","25 Fabbricazione di prodotti in metallo, esclusi macchinari e attrezzature",C,C MANUFACTURING,C ATTIVITÀ MANIFATTURIERE
25.91,25.91 Manufacture of steel drums and similar containers,25.91 Fabbricazione di bidoni in acciaio e di contenitori simili,25.9,25.9 Manufacture of other fabricated metal products,25.9 Fabbricazione di altri prodotti in metallo,25,"25 Manufacture of fabricated metal products, except machinery and equipment","25 Fabbricazione di prodotti in metallo, esclusi macchinari e attrezzature",C,C MANUFACTURING,C ATTIVITÀ MANIFATTURIERE
25.92,25.92 Manufacture of light metal packaging,25.92 Fabbricazione di imballaggi in metallo leggero,25.9,25.9 Manufacture of other fabricated metal products,25.9 Fabbricazione di altri prodotti in metallo,25,"25 Manufacture of fabricated metal products, except machinery and equipment","25 Fabbricazione di prodotti in metallo, esclusi macchinari e attrezzature",C,C MANUFACTURING,C ATTIVITÀ MANIFATTURIERE
25.93,"25.93 Manufacture of wire products, chain and springs","25.93 Fabbricazione di prodotti fabbricati con fili metallici, catene e molle",25.9,25.9 Manufacture of other fabricated metal products,25.9 Fabbricazione di altri prodotti in metallo,25,"25 Manufacture of fabricated metal products, except machinery and equipment","25 Fabbricazione di prodotti in metallo, esclusi macchinari e attrezzature",C,C MANUFACTURING,C ATTIVITÀ MANIFATTURIERE
25.94,25.94 Manufacture of fasteners and screw machine products,25.94 Fabbricazione di articoli di bulloneria,25.9,25.9 Manufacture of other fabricated metal products,25.9 Fabbricazione di altri prodotti in metallo,25,"25 Manufacture of fabricated metal products, except machinery and equipment","25 Fabbricazione di prodotti in metallo, esclusi macchinari e attrezzature",C,C MANUFACTURING,C ATTIVITÀ MANIFATTURIERE
25.99,25.99 Manufacture of other fabricated metal products n.e.c.,25.99 Fabbricazione di altri prodotti in metallo n.c.a.,25.9,25.9 Manufacture of other fabricated metal products,25.9 Fabbricazione di altri prodotti in metallo,25,"25 Manufacture of fabricated metal products, except machinery and equipment","25 Fabbricazione di prodotti in metallo, esclusi macchinari e attrezzature",C,C MANUFACTURING,C ATTIVITÀ MANIFATTURIERE
26.11,26.11 Manufacture of electronic components,26.11 Fabbricazione di componenti elettronici,26.1,26.1 Manufacture of electronic components and boards,26.1 Fabbricazione di componenti elettronici e schede elettroniche,26,"26 Manufacture of computer, electronic and optical products",26 Fabbricazione di computer e prodotti di elettronica e ottica,C,C MANUFACTURING,C ATTIVITÀ MANIFATTURIERE
26.12,26.12 Manufacture of loaded electronic boards,26.12 Fabbricazione di schede elettroniche integrate,26.1,26.1 Manufacture of electronic components and boards,26.1 Fabbricazione di componenti elettronici e schede elettroniche,26,"26 Manufacture of computer, electronic and optical products",26 Fabbricazione di computer e prodotti di elettronica e ottica,C,C MANUFACTURING,C ATTIVITÀ MANIFATTURIERE
26.20,26.20 Manufacture of computers and peripheral equipment,26.20 Fabbricazione di computer e unità periferiche,26.2,26.2 Manufacture of computers and peripheral equipment,26.2 Fabbricazione di computer e unità periferiche,26,"26 Manufacture of computer, electronic and optical products",26 Fabbricazione di computer e prodotti di elettronica e ottica,C,C MANUFACTURING,C ATTIVITÀ MANIFATTURIERE
26.30,26.30 Manufacture of communication equipment,26.30 Fabbricazione di apparecchiature per le comunicazioni,26.3,26.3 Manufacture of communication equipment,26.3 Fabbricazione di apparecchiature per le comunicazioni,26,"26 Manufacture of computer, electronic and optical products",26 Fabbricazione di computer e prodotti di elettronica e ottica,C,C MANUFACTURING,C ATTIVITÀ MANIFATTURIERE
26.40,26.40 Manufacture of consumer electronics,26.40 Fabbricazione di prodotti di elettronica di consumo,26.4,26.4 Manufacture of consumer electronics,26.4 Fabbricazione di prodotti di elettronica di consumo,26,"26 Manufacture of computer, electronic and optical products",26 Fabbricazione di computer e prodotti di elettronica e ottica,C,C MANUFACTURING,C ATTIVITÀ MANIFATTURIERE
26.51,"26.51 Manufacture of instruments and appliances for measuring, testing and navigation","26.51 Fabbricazione di strumenti e apparecchi di misurazione, prova e navigazione",26.5,"26.5 Manufacture of measuring testing instruments, clocks and watches",26.5 Fabbricazione di strumenti di misurazione e prova e di orologi,26,"26 Manufacture of computer, electronic and optical products",26 Fabbricazione di computer e prodotti di elettronica e ottica,C,C MANUFACTURING,C ATTIVITÀ MANIFATTURIERE
26.52,26.52 Manufacture of watches and clocks,26.52 Fabbricazione di orologi,26.5,"26.5 Manufacture of measuring testing instruments, clocks and watches",26.5 Fabbricazione di strumenti di misurazione e prova e di orologi,26,"26 Manufacture of computer, electronic and optical products",26 Fabbricazione di computer e prodotti di elettronica e ottica,C,C MANUFACTURING,C ATTIVITÀ MANIFATTURIERE
26.60,"26.60 Manufacture of irradiation, electromedical and electrotherapeutic equipment","26.60 Fabbricazione di apparecchiature per irradiazione, elettromedicali ed elettroterapeutiche",26.6,"26.6 Manufacture of irradiation, electromedical and electrotherapeutic equipment","26.6 Fabbricazione di apparecchiature per irradiazione, elettromedicali ed elettroterapeutiche",26,"26 Manufacture of computer, electronic and optical products",26 Fabbricazione di computer e prodotti di elettronica e ottica,C,C MANUFACTURING,C ATTIVITÀ MANIFATTURIERE
26.70,"26.70 Manufacture of optical instruments, magnetic and optical media and photographic equipment","26.70 Fabbricazione di strumenti ottici, supporti magnetici e ottici e apparecchiature fotografiche",26.7,"26.7 Manufacture of optical instruments, magnetic and optical media and photographic equipment","26.7 Fabbricazione di strumenti ottici, supporti magnetici e ottici e apparecchiature fotografiche",26,"26 Manufacture of computer, electronic and optical products",26 Fabbricazione di computer e prodotti di elettronica e ottica,C,C MANUFACTURING,C ATTIVITÀ MANIFATTURIERE
27.11,"27.11 Manufacture of electric motors, generators and transformers","27.11 Fabbricazione di motori, generatori e trasformatori elettrici",27.1,"27.1 Manufacture of electric motors, generators, transformers and electricity distribution and control apparatus","27.1 Fabbricazione di motori, generatori e trasformatori elettrici e di apparecchiature per la distribuzione e il controllo dell’elettricità",27,27 Manufacture of electrical equipment,27 Fabbricazione di apparecchiature elettriche,C,C MANUFACTURING,C ATTIVITÀ MANIFATTURIERE
27.12,27.12 Manufacture of electricity distribution and control apparatus,27.12 Fabbricazione di apparecchiature per la distribuzione e il controllo dell’elettricità,27.1,"27.1 Manufacture of electric motors, generators, transformers and electricity distribution and control apparatus","27.1 Fabbricazione di motori, generatori e trasformatori elettrici e di apparecchiature per la distribuzione e il controllo dell’elettricità",27,27 Manufacture of electrical equipment,27 Fabbricazione di apparecchiature elettriche,C,C MANUFACTURING,C ATTIVITÀ MANIFATTURIERE
27.20,27.20 Manufacture of batteries and accumulators,27.20 Fabbricazione di batterie e accumulatori,27.2,27.2 Manufacture of batteries and accumulators,27.2 Fabbricazione di batterie e accumulatori,27,27 Manufacture of electrical equipment,27 Fabbricazione di apparecchiature elettriche,C,C MANUFACTURING,C ATTIVITÀ MANIFATTURIERE
27.31,27.31 Manufacture of fibre optic cables,27.31 Fabbricazione di cavi in fibra ottica,27.3,27.3 Manufacture of wiring and wiring devices,27.3 Fabbricazione di cablaggi e attrezzature per cablaggio,27,27 Manufacture of electrical equipment,27 Fabbricazione di apparecchiature elettriche,C,C MANUFACTURING,C ATTIVITÀ MANIFATTURIERE
27.32,27.32 Manufacture of other electronic and electric wires and cables,27.32 Fabbricazione di altri fili e cavi elettronici ed elettrici,27.3,27.3 Manufacture of wiring and wiring devices,27.3 Fabbricazione di cablaggi e attrezzature per cablaggio,27,27 Manufacture of electrical equipment,27 Fabbricazione di apparecchiature elettriche,C,C MANUFACTURING,C ATTIVITÀ MANIFATTURIERE
27.33,27.33 Manufacture of wiring devices,27.33 Fabbricazione di attrezzature per cablaggio,27.3,27.3 Manufacture of wiring and wiring devices,27.3 Fabbricazione di cablaggi e attrezzature per cablaggio,27,27 Manufacture of electrical equipment,27 Fabbricazione di apparecchiature elettriche,C,C MANUFACTURING,C ATTIVITÀ MANIFATTURIERE
27.40,27.40 Manufacture of lighting equipment,27.40 Fabbricazione di apparecchiature per l’illuminazione,27.4,27.4 Manufacture of lighting equipment,27.4 Fabbricazione di apparecchiature per l’illuminazione,27,27 Manufacture of electrical equipment,27 Fabbricazione di apparecchiature elettriche,C,C MANUFACTURING,C ATTIVITÀ MANIFATTURIERE
27.51,27.51 Manufacture of electric domestic appliances,27.51 Fabbricazione di elettrodomestici,27.5,27.5 Manufacture of domestic appliances,27.5 Fabbricazione di apparecchi per uso domestico,27,27 Manufacture of electrical equipment,27 Fabbricazione di apparecchiature elettriche,C,C MANUFACTURING,C ATTIVITÀ MANIFATTURIERE
27.52,27.52 Manufacture of non-electric domestic appliances,27.52 Fabbricazione di apparecchi non elettrici per uso domestico,27.5,27.5 Manufacture of domestic appliances,27.5 Fabbricazione di apparecchi per uso domestico,27,27 Manufacture of electrical equipment,27 Fabbricazione di apparecchiature elettriche,C,C MANUFACTURING,C ATTIVITÀ MANIFATTURIERE
27.90,27.90 Manufacture of other electrical equipment,27.90 Fabbricazione di altre apparecchiature elettriche,27.9,27.9 Manufacture of other electrical equipment,27.9 Fabbricazione di altre apparecchiature elettriche,27,27 Manufacture of electrical equipment,27 Fabbricazione di apparecchiature elettriche,C,C MANUFACTURING,C ATTIVITÀ MANIFATTURIERE
28.11,"28.11 Manufacture of engines and turbines, except aircraft, vehicle and cycle engines","28.11 Fabbricazione di motori e turbine, esclusi i motori per aeromobili, veicoli e motocicli",28.1,28.1 Manufacture of general-purpose machinery,28.1 Fabbricazione di macchine di impiego generale,28,28 Manufacture of machinery and equipment n.e.c.,28 Fabbricazione di macchinari e apparecchiature n.c.a.,C,C MANUFACTURING,C ATTIVITÀ MANIFATTURIERE
28.12,28.12 Manufacture of fluid power equipment,28.12 Fabbricazione di apparecchiature fluidodinamiche,28.1,28.1 Manufacture of general-purpose machinery,28.1 Fabbricazione di macchine di impiego generale,28,28 Manufacture of machinery and equipment n.e.c.,28 Fabbricazione di macchinari e apparecchiature n.c.a.,C,C MANUFACTURING,C ATTIVITÀ MANIFATTURIERE
28.13,28.13 Manufacture of other pumps and compressors,28.13 Fabbricazione di altre pompe e compressori,28.1,28.1 Manufacture of general-purpose machinery,28.1 Fabbricazione di macchine di impiego generale,28,28 Manufacture of machinery and equipment n.e.c.,28 Fabbricazione di macchinari e apparecchiature n.c.a.,C,C MANUFACTURING,C ATTIVITÀ MANIFATTURIERE
28.14,28.14 Manufacture of other taps and valves,28.14 Fabbricazione di altri rubinetti e valvole,28.1,28.1 Manufacture of general-purpose machinery,28.1 Fabbricazione di macchine di impiego generale,28,28 Manufacture of machinery and equipment n.e.c.,28 Fabbricazione di macchinari e apparecchiature n.c.a.,C,C MANUFACTURING,C ATTIVITÀ MANIFATTURIERE
28.15,"28.15 Manufacture of bearings, gears, gearing and driving elements","28.15 Fabbricazione di cuscinetti, ingranaggi e organi di trasmissione",28.1,28.1 Manufacture of general-purpose machinery,28.1 Fabbricazione di macchine di impiego generale,28,28 Manufacture of machinery and equipment n.e.c.,28 Fabbricazione di macchinari e apparecchiature n.c.a.,C,C MANUFACTURING,C ATTIVITÀ MANIFATTURIERE
28.21,"28.21 Manufacture of ovens, furnaces and permanent household heating equipment","28.21 Fabbricazione di forni, caldaie e apparecchiature fisse per il riscaldamento domestico",28.2,28.2 Manufacture of other general-purpose machinery,28.2 Fabbricazione di altre macchine di impiego generale,28,28 Manufacture of machinery and equipment n.e.c.,28 Fabbricazione di macchinari e apparecchiature n.c.a.,C,C MANUFACTURING,C ATTIVITÀ MANIFATTURIERE
28.22,28.22 Manufacture of lifting and handling equipment,28.22 Fabbricazione di apparecchi di sollevamento e movimentazione,28.2,28.2 Manufacture of other general-purpose machinery,28.2 Fabbricazione di altre macchine di impiego generale,28,28 Manufacture of machinery and equipment n.e.c.,28 Fabbricazione di macchinari e apparecchiature n.c.a.,C,C MANUFACTURING,C ATTIVITÀ MANIFATTURIERE
28.23,"28.23 Manufacture of office machinery and equipment, except computers and peripheral equipment","28.23 Fabbricazione di macchine e attrezzature per ufficio, esclusi computer e unità periferiche",28.2,28.2 Manufacture of other general-purpose machinery,28.2 Fabbricazione di altre macchine di impiego generale,28,28 Manufacture of machinery and equipment n.e.c.,28 Fabbricazione di macchinari e apparecchiature n.c.a.,C,C MANUFACTURING,C ATTIVITÀ MANIFATTURIERE
28.24,28.24 Manufacture of power-driven hand tools,28.24 Fabbricazione di utensili portatili a motore,28.2,28.2 Manufacture of other general-purpose machinery,28.2 Fabbricazione di altre macchine di impiego generale,28,28 Manufacture of machinery and equipment n.e.c.,28 Fabbricazione di macchinari e apparecchiature n.c.a.,C,C MANUFACTURING,C ATTIVITÀ MANIFATTURIERE
28.25,28.25 Manufacture of non-domestic air conditioning equipment,28.25 Fabbricazione di apparecchiature di climatizzazione per uso non domestico,28.2,28.2 Manufacture of other general-purpose machinery,28.2 Fabbricazione di altre macchine di impiego generale,28,28 Manufacture of machinery and equipment n.e.c.,28 Fabbricazione di macchinari e apparecchiature n.c.a.,C,C MANUFACTURING,C ATTIVITÀ MANIFATTURIERE
28.29,28.29 Manufacture of other general-purpose machinery n.e.c.,28.29 Fabbricazione di altre macchine di impiego generale n.c.a.,28.2,28.2 Manufacture of other general-purpose machinery,28.2 Fabbricazione di altre macchine di impiego generale,28,28 Manufacture of machinery and equipment n.e.c.,28 Fabbricazione di macchinari e apparecchiature n.c.a.,C,C MANUFACTURING,C ATTIVITÀ MANIFATTURIERE
28.30,28.30 Manufacture of agricultural and forestry machinery,28.30 Fabbricazione di macchine per l’agricoltura e la silvicoltura,28.3,28.3 Manufacture of agricultural and forestry machinery,28.3 Fabbricazione di macchine per l’agricoltura e la silvicoltura,28,28 Manufacture of machinery and equipment n.e.c.,28 Fabbricazione di macchinari e apparecchiature n.c.a.,C,C MANUFACTURING,C ATTIVITÀ MANIFATTURIERE
28.41,28.41 Manufacture of metal forming machinery and machine tools for metal work,28.41 Fabbricazione di macchine per la deformazione dei metalli e di altre macchine utensili per la lavorazione dei metalli,28.4,28.4 Manufacture of metal forming machinery and machine tools,28.4 Fabbricazione di macchine per la deformazione dei metalli e di altre macchine utensili,28,28 Manufacture of machinery and equipment n.e.c.,28 Fabbricazione di macchinari e apparecchiature n.c.a.,C,C MANUFACTURING,C ATTIVITÀ MANIFATTURIERE
28.42,28.42 Manufacture of other machine tools,28.42 Fabbricazione di altre macchine utensili,28.4,28.4 Manufacture of metal forming machinery and machine tools,28.4 Fabbricazione di macchine per la deformazione dei metalli e di altre macchine utensili,28,28 Manufacture of machinery and equipment n.e.c.,28 Fabbricazione di macchinari e apparecchiature n.c.a.,C,C MANUFACTURING,C ATTIVITÀ MANIFATTURIERE
28.91,28.91 Manufacture of machinery for metallurgy,28.91 Fabbricazione di macchine per la metallurgia,28.9,28.9 Manufacture of other special-purpose machinery,28.9 Fabbricazione di altre macchine per impieghi speciali,28,28 Manufacture of machinery and equipment n.e.c.,28 Fabbricazione di macchinari e apparecchiature n.c.a.,C,C MANUFACTURING,C ATTIVITÀ MANIFATTURIERE
28.92,"28.92 Manufacture of machinery for mining, quarrying and construction","28.92 Fabbricazione di macchine da miniera, cava e cantiere",28.9,28.9 Manufacture of other special-purpose machinery,28.9 Fabbricazione di altre macchine per impieghi speciali,28,28 Manufacture of machinery and equipment n.e.c.,28 Fabbricazione di macchinari e apparecchiature n.c.a.,C,C MANUFACTURING,C ATTIVITÀ MANIFATTURIERE
28.93,"28.93 Manufacture of machinery for food, beverage and tobacco processing","28.93 Fabbricazione di macchine per l’industria alimentare, delle bevande e del tabacco",28.9,28.9 Manufacture of other special-purpose machinery,28.9 Fabbricazione di altre macchine per impieghi speciali,28,28 Manufacture of machinery and equipment n.e.c.,28 Fabbricazione di macchinari e apparecchiature n.c.a.,C,C MANUFACTURING,C ATTIVITÀ MANIFATTURIERE
28.94,"28.94 Manufacture of machinery for textile, apparel and leather production","28.94 Fabbricazione di macchine per l'industria tessile, dell'abbigliamento e del cuoio",28.9,28.9 Manufacture of other special-purpose machinery,28.9 Fabbricazione di altre macchine per impieghi speciali,28,28 Manufacture of machinery and equipment n.e.c.,28 Fabbricazione di macchinari e apparecchiature n.c.a.,C,C MANUFACTURING,C ATTIVITÀ MANIFATTURIERE
28.95,28.95 Manufacture of machinery for paper and paperboard production,28.95 Fabbricazione di macchine per l’industria della carta e del cartone,28.9,28.9 Manufacture of other special-purpose machinery,28.9 Fabbricazione di altre macchine per impieghi speciali,28,28 Manufacture of machinery and equipment n.e.c.,28 Fabbricazione di macchinari e apparecchiature n.c.a.,C,C MANUFACTURING,C ATTIVITÀ MANIFATTURIERE
28.96,28.96 Manufacture of plastics and rubber machinery,28.96 Fabbricazione di macchine per l’industria delle materie plastiche e della gomma,28.9,28.9 Manufacture of other special-purpose machinery,28.9 Fabbricazione di altre macchine per impieghi speciali,28,28 Manufacture of machinery and equipment n.e.c.,28 Fabbricazione di macchinari e apparecchiature n.c.a.,C,C MANUFACTURING,C ATTIVITÀ MANIFATTURIERE
28.97,28.97 Manufacture of additive manufacturing machinery,28.97 Fabbricazione di macchine per la produzione additiva,28.9,28.9 Manufacture of other special-purpose machinery,28.9 Fabbricazione di altre macchine per impieghi speciali,28,28 Manufacture of machinery and equipment n.e.c.,28 Fabbricazione di macchinari e apparecchiature n.c.a.,C,C MANUFACTURING,C ATTIVITÀ MANIFATTURIERE
28.99,28.99 Manufacture of other special-purpose machinery n.e.c.,28.99 Fabbricazione di altre macchine per impieghi speciali n.c.a.,28.9,28.9 Manufacture of other special-purpose machinery,28.9 Fabbricazione di altre macchine per impieghi speciali,28,28 Manufacture of machinery and equipment n.e.c.,28 Fabbricazione di macchinari e apparecchiature n.c.a.,C,C MANUFACTURING,C ATTIVITÀ MANIFATTURIERE
29.10,29.10 Manufacture of motor vehicles,29.10 Fabbricazione di autoveicoli,29.1,29.1 Manufacture of motor vehicles,29.1 Fabbricazione di autoveicoli,29,"29 Manufacture of motor vehicles, trailers and semi-trailers","29 Fabbricazione di autoveicoli, rimorchi e semirimorchi",C,C MANUFACTURING,C ATTIVITÀ MANIFATTURIERE
29.20,29.20 Manufacture of bodies and coachwork for motor vehicles; manufacture of trailers and semi-trailers,29.20 Fabbricazione di carrozzerie per autoveicoli; fabbricazione di rimorchi e semirimorchi,29.2,29.2 Manufacture of bodies and coachwork for motor vehicles; manufacture of trailers and semi-trailers,29.2 Fabbricazione di carrozzerie per autoveicoli; fabbricazione di rimorchi e semirimorchi,29,"29 Manufacture of motor vehicles, trailers and semi-trailers","29 Fabbricazione di autoveicoli, rimorchi e semirimorchi",C,C MANUFACTURING,C ATTIVITÀ MANIFATTURIERE
29.31,29.31 Manufacture of electrical and electronic equipment for motor vehicles,29.31 Fabbricazione di apparecchiature elettriche ed elettroniche per autoveicoli,29.3,29.3 Manufacture of motor vehicle parts and accessories,29.3 Fabbricazione di parti e accessori per autoveicoli,29,"29 Manufacture of motor vehicles, trailers and semi-trailers","29 Fabbricazione di autoveicoli, rimorchi e semirimorchi",C,C MANUFACTURING,C ATTIVITÀ MANIFATTURIERE
29.32,29.32 Manufacture of other parts and accessories for motor vehicles,29.32 Fabbricazione di altre parti e accessori per autoveicoli,29.3,29.3 Manufacture of motor vehicle parts and accessories,29.3 Fabbricazione di parti e accessori per autoveicoli,29,"29 Manufacture of motor vehicles, trailers and semi-trailers","29 Fabbricazione di autoveicoli, rimorchi e semirimorchi",C,C MANUFACTURING,C ATTIVITÀ MANIFATTURIERE
30.11,30.11 Building of civilian ships and floating structures,30.11 Costruzione di navi e di strutture galleggianti per scopi civili,30.1,30.1 Building of ships and boats,30.1 Costruzione di navi e imbarcazioni,30,30 Manufacture of other transport equipment,30 Fabbricazione di altri mezzi di trasporto,C,C MANUFACTURING,C ATTIVITÀ MANIFATTURIERE
30.12,30.12 Building of pleasure and sporting boats,30.12 Costruzione di imbarcazioni da diporto e sportive,30.1,30.1 Building of ships and boats,30.1 Costruzione di navi e imbarcazioni,30,30 Manufacture of other transport equipment,30 Fabbricazione di altri mezzi di trasporto,C,C MANUFACTURING,C ATTIVITÀ MANIFATTURIERE
30.13,30.13 Building of military ships and vessels,30.13 Costruzione di navi e imbarcazioni per scopi militari,30.1,30.1 Building of ships and boats,30.1 Costruzione di navi e imbarcazioni,30,30 Manufacture of other transport equipment,30 Fabbricazione di altri mezzi di trasporto,C,C MANUFACTURING,C ATTIVITÀ MANIFATTURIERE
30.20,30.20 Manufacture of railway locomotives and rolling stock,30.20 Costruzione di locomotive e di materiale rotabile ferro-tranviario,30.2,30.2 Manufacture of railway locomotives and rolling stock,30.2 Costruzione di locomotive e di materiale rotabile ferro-tranviario,30,30 Manufacture of other transport equipment,30 Fabbricazione di altri mezzi di trasporto,C,C MANUFACTURING,C ATTIVITÀ MANIFATTURIERE
30.31,30.31 Manufacture of civilian air and spacecraft and related machinery,"30.31 Fabbricazione di aeromobili, veicoli spaziali e relativi equipaggiamenti per scopi civili",30.3,30.3 Manufacture of air and spacecraft and related machinery,"30.3 Fabbricazione di aeromobili, veicoli spaziali e relativi equipaggiamenti",30,30 Manufacture of other transport equipment,30 Fabbricazione di altri mezzi di trasporto,C,C MANUFACTURING,C ATTIVITÀ MANIFATTURIERE
30.32,30.32 Manufacture of military air and spacecraft and related machinery,"30.32 Fabbricazione di aeromobili, veicoli spaziali e relativi equipaggiamenti per scopi militari",30.3,30.3 Manufacture of air and spacecraft and related machinery,"30.3 Fabbricazione di aeromobili, veicoli spaziali e relativi equipaggiamenti",30,30 Manufacture of other transport equipment,30 Fabbricazione di altri mezzi di trasporto,C,C MANUFACTURING,C ATTIVITÀ MANIFATTURIERE
30.40,30.40 Manufacture of military fighting vehicles,30.40 Fabbricazione di veicoli militari da combattimento,30.4,30.4 Manufacture of military fighting vehicles,30.4 Fabbricazione di veicoli militari da combattimento,30,30 Manufacture of other transport equipment,30 Fabbricazione di altri mezzi di trasporto,C,C MANUFACTURING,C ATTIVITÀ MANIFATTURIERE
30.91,30.91 Manufacture of motorcycles,30.91 Fabbricazione di motocicli,30.9,30.9 Manufacture of transport equipment n.e.c.,30.9 Fabbricazione di mezzi di trasporto n.c.a.,30,30 Manufacture of other transport equipment,30 Fabbricazione di altri mezzi di trasporto,C,C MANUFACTURING,C ATTIVITÀ MANIFATTURIERE
30.92,30.92 Manufacture of bicycles and invalid carriages,30.92 Fabbricazione di biciclette e veicoli per disabili,30.9,30.9 Manufacture of transport equipment n.e.c.,30.9 Fabbricazione di mezzi di trasporto n.c.a.,30,30 Manufacture of other transport equipment,30 Fabbricazione di altri mezzi di trasporto,C,C MANUFACTURING,C ATTIVITÀ MANIFATTURIERE
30.99,30.99 Manufacture of other transport equipment n.e.c.,30.99 Fabbricazione di altri mezzi di trasporto n.c.a.,30.9,30.9 Manufacture of transport equipment n.e.c.,30.9 Fabbricazione di mezzi di trasporto n.c.a.,30,30 Manufacture of other transport equipment,30 Fabbricazione di altri mezzi di trasporto,C,C MANUFACTURING,C ATTIVITÀ MANIFATTURIERE
31.00,31.00 Manufacture of furniture,31.00 Fabbricazione di mobili,31.0,31.0 Manufacture of furniture,31.0 Fabbricazione di mobili,31,31 Manufacture of furniture,31 Fabbricazione di mobili,C,C MANUFACTURING,C ATTIVITÀ MANIFATTURIERE
32.11,32.11 Striking of coins,32.11 Coniazione di monete,32.1,"32.1 Manufacture of jewellery, bijouterie and related articles","32.1 Fabbricazione di gioielleria, bigiotteria e articoli connessi",32,32 Other manufacturing,32 Altre attività manifatturiere,C,C MANUFACTURING,C ATTIVITÀ MANIFATTURIERE
32.12,32.12 Manufacture of jewellery and related articles,32.12 Fabbricazione di gioielli e articoli simili,32.1,"32.1 Manufacture of jewellery, bijouterie and related articles","32.1 Fabbricazione di gioielleria, bigiotteria e articoli connessi",32,32 Other manufacturing,32 Altre attività manifatturiere,C,C MANUFACTURING,C ATTIVITÀ MANIFATTURIERE
32.13,32.13 Manufacture of imitation jewellery and related articles,32.13 Fabbricazione di bigiotteria e articoli simili,32.1,"32.1 Manufacture of jewellery, bijouterie and related articles","32.1 Fabbricazione di gioielleria, bigiotteria e articoli connessi",32,32 Other manufacturing,32 Altre attività manifatturiere,C,C MANUFACTURING,C ATTIVITÀ MANIFATTURIERE
32.20,32.20 Manufacture of musical instruments,32.20 Fabbricazione di strumenti musicali,32.2,32.2 Manufacture of musical instruments,32.2 Fabbricazione di strumenti musicali,32,32 Other manufacturing,32 Altre attività manifatturiere,C,C MANUFACTURING,C ATTIVITÀ MANIFATTURIERE
32.30,32.30 Manufacture of sports goods,32.30 Fabbricazione di articoli sportivi,32.3,32.3 Manufacture of sports goods,32.3 Fabbricazione di articoli sportivi,32,32 Other manufacturing,32 Altre attività manifatturiere,C,C MANUFACTURING,C ATTIVITÀ MANIFATTURIERE
32.40,32.40 Manufacture of games and toys,32.40 Fabbricazione di giochi e giocattoli,32.4,32.4 Manufacture of games and toys,32.4 Fabbricazione di giochi e giocattoli,32,32 Other manufacturing,32 Altre attività manifatturiere,C,C MANUFACTURING,C ATTIVITÀ MANIFATTURIERE
32.50,32.50 Manufacture of medical and dental instruments and supplies,32.50 Fabbricazione di strumenti e forniture mediche e dentistiche,32.5,32.5 Manufacture of medical and dental instruments and supplies,32.5 Fabbricazione di strumenti e forniture mediche e dentistiche,32,32 Other manufacturing,32 Altre attività manifatturiere,C,C MANUFACTURING,C ATTIVITÀ MANIFATTURIERE
32.91,32.91 Manufacture of brooms and brushes,32.91 Fabbricazione di scope e spazzole,32.9,32.9 Manufacturing n.e.c.,32.9 Attività manifatturiere n.c.a.,32,32 Other manufacturing,32 Altre attività manifatturiere,C,C MANUFACTURING,C ATTIVITÀ MANIFATTURIERE
32.99,32.99 Other manufacturing n.e.c.,32.99 Altre attività manifatturiere n.c.a.,32.9,32.9 Manufacturing n.e.c.,32.9 Attività manifatturiere n.c.a.,32,32 Other manufacturing,32 Altre attività manifatturiere,C,C MANUFACTURING,C ATTIVITÀ MANIFATTURIERE
33.11,33.11 Repair and maintenance of fabricated metal products,33.11 Riparazione e manutenzione di prodotti in metallo,33.1,"33.1 Repair and maintenance of fabricated metal products, machinery and equipment","33.1 Riparazione e manutenzione di prodotti in metallo, macchine e apparecchiature",33,"33 Repair, maintenance and installation of machinery and equipment","33 Riparazione, manutenzione e installazione di macchine e apparecchiature",C,C MANUFACTURING,C ATTIVITÀ MANIFATTURIERE
33.12,33.12 Repair and maintenance of machinery,33.12 Riparazione e manutenzione di macchinari,33.1,"33.1 Repair and maintenance of fabricated metal products, machinery and equipment","33.1 Riparazione e manutenzione di prodotti in metallo, macchine e apparecchiature",33,"33 Repair, maintenance and installation of machinery and equipment","33 Riparazione, manutenzione e installazione di macchine e apparecchiature",C,C MANUFACTURING,C ATTIVITÀ MANIFATTURIERE
33.13,33.13 Repair and maintenance of electronic and optical equipment,33.13 Riparazione e manutenzione di apparecchiature elettroniche e ottiche,33.1,"33.1 Repair and maintenance of fabricated metal products, machinery and equipment","33.1 Riparazione e manutenzione di prodotti in metallo, macchine e apparecchiature",33,"33 Repair, maintenance and installation of machinery and equipment","33 Riparazione, manutenzione e installazione di macchine e apparecchiature",C,C MANUFACTURING,C ATTIVITÀ MANIFATTURIERE
33.14,33.14 Repair and maintenance of electrical equipment,33.14 Riparazione e manutenzione di apparecchiature elettriche,33.1,"33.1 Repair and maintenance of fabricated metal products, machinery and equipment","33.1 Riparazione e manutenzione di prodotti in metallo, macchine e apparecchiature",33,"33 Repair, maintenance and installation of machinery and equipment","33 Riparazione, manutenzione e installazione di macchine e apparecchiature",C,C MANUFACTURING,C ATTIVITÀ MANIFATTURIERE
33.15,33.15 Repair and maintenance of civilian ships and boats,33.15 Riparazione e manutenzione di navi e imbarcazioni per scopi civili,33.1,"33.1 Repair and maintenance of fabricated metal products, machinery and equipment","33.1 Riparazione e manutenzione di prodotti in metallo, macchine e apparecchiature",33,"33 Repair, maintenance and installation of machinery and equipment","33 Riparazione, manutenzione e installazione di macchine e apparecchiature",C,C MANUFACTURING,C ATTIVITÀ MANIFATTURIERE
33.16,33.16 Repair and maintenance of civilian air and spacecraft,33.16 Riparazione e manutenzione di aeromobili e veicoli spaziali per scopi civili,33.1,"33.1 Repair and maintenance of fabricated metal products, machinery and equipment","33.1 Riparazione e manutenzione di prodotti in metallo, macchine e apparecchiature",33,"33 Repair, maintenance and installation of machinery and equipment","33 Riparazione, manutenzione e installazione di macchine e apparecchiature",C,C MANUFACTURING,C ATTIVITÀ MANIFATTURIERE
33.17,33.17 Repair and maintenance of other civilian transport equipment,33.17 Riparazione e manutenzione di altri mezzi di trasporto per scopi civili,33.1,"33.1 Repair and maintenance of fabricated metal products, machinery and equipment","33.1 Riparazione e manutenzione di prodotti in metallo, macchine e apparecchiature",33,"33 Repair, maintenance and installation of machinery and equipment","33 Riparazione, manutenzione e installazione di macchine e apparecchiature",C,C MANUFACTURING,C ATTIVITÀ MANIFATTURIERE
33.18,"33.18 Repair and maintenance of military fighting vehicles, ships, boats, air and spacecraft","33.18 Riparazione e manutenzione di veicoli da combattimento, navi, imbarcazioni, aeromobili e veicoli spaziali per scopi militari",33.1,"33.1 Repair and maintenance of fabricated metal products, machinery and equipment","33.1 Riparazione e manutenzione di prodotti in metallo, macchine e apparecchiature",33,"33 Repair, maintenance and installation of machinery and equipment","33 Riparazione, manutenzione e installazione di macchine e apparecchiature",C,C MANUFACTURING,C ATTIVITÀ MANIFATTURIERE
33.19,33.19 Repair and maintenance of other equipment,33.19 Riparazione e manutenzione di altre apparecchiature,33.1,"33.1 Repair and maintenance of fabricated metal products, machinery and equipment","33.1 Riparazione e manutenzione di prodotti in metallo, macchine e apparecchiature",33,"33 Repair, maintenance and installation of machinery and equipment","33 Riparazione, manutenzione e installazione di macchine e apparecchiature",C,C MANUFACTURING,C ATTIVITÀ MANIFATTURIERE
33.20,33.20 Installation of industrial machinery and equipment,33.20 Installazione di macchine e apparecchiature industriali,33.2,33.2 Installation of industrial machinery and equipment,33.2 Installazione di macchine e apparecchiature industriali,33,"33 Repair, maintenance and installation of machinery and equipment","33 Riparazione, manutenzione e installazione di macchine e apparecchiature",C,C MANUFACTURING,C ATTIVITÀ MANIFATTURIERE
35.11,35.11 Production of electricity from non-renewable sources,35.11 Produzione di energia elettrica da fonti non rinnovabili,35.1,"35.1 Electric power generation, transmission and distribution","35.1 Produzione, trasmissione e distribuzione di energia elettrica",35,"35 Electricity, gas, steam and air conditioning supply","35 Fornitura di energia elettrica, gas, vapore e aria condizionata",D,"D ELECTRICITY, GAS, STEAM AND AIR CONDITIONING SUPPLY","D FORNITURA DI ENERGIA ELETTRICA, GAS, VAPORE E ARIA CONDIZIONATA"
35.12,35.12 Production of electricity from renewable sources,35.12 Produzione di energia elettrica da fonti rinnovabili,35.1,"35.1 Electric power generation, transmission and distribution","35.1 Produzione, trasmissione e distribuzione di energia elettrica",35,"35 Electricity, gas, steam and air conditioning supply","35 Fornitura di energia elettrica, gas, vapore e aria condizionata",D,"D ELECTRICITY, GAS, STEAM AND AIR CONDITIONING SUPPLY","D FORNITURA DI ENERGIA ELETTRICA, GAS, VAPORE E ARIA CONDIZIONATA"
35.13,35.13 Transmission of electricity,35.13 Trasmissione di energia elettrica,35.1,"35.1 Electric power generation, transmission and distribution","35.1 Produzione, trasmissione e distribuzione di energia elettrica",35,"35 Electricity, gas, steam and air conditioning supply","35 Fornitura di energia elettrica, gas, vapore e aria condizionata",D,"D ELECTRICITY, GAS, STEAM AND AIR CONDITIONING SUPPLY","D FORNITURA DI ENERGIA ELETTRICA, GAS, VAPORE E ARIA CONDIZIONATA"
35.14,35.14 Distribution of electricity,35.14 Distribuzione di energia elettrica,35.1,"35.1 Electric power generation, transmission and distribution","35.1 Produzione, trasmissione e distribuzione di energia elettrica",35,"35 Electricity, gas, steam and air conditioning supply","35 Fornitura di energia elettrica, gas, vapore e aria condizionata",D,"D ELECTRICITY, GAS, STEAM AND AIR CONDITIONING SUPPLY","D FORNITURA DI ENERGIA ELETTRICA, GAS, VAPORE E ARIA CONDIZIONATA"
35.15,35.15 Trade of electricity,35.15 Commercio di energia elettrica,35.1,"35.1 Electric power generation, transmission and distribution","35.1 Produzione, trasmissione e distribuzione di energia elettrica",35,"35 Electricity, gas, steam and air conditioning supply","35 Fornitura di energia elettrica, gas, vapore e aria condizionata",D,"D ELECTRICITY, GAS, STEAM AND AIR CONDITIONING SUPPLY","D FORNITURA DI ENERGIA ELETTRICA, GAS, VAPORE E ARIA CONDIZIONATA"
35.16,35.16 Storage of electricity,35.16 Stoccaggio di energia elettrica,35.1,"35.1 Electric power generation, transmission and distribution","35.1 Produzione, trasmissione e distribuzione di energia elettrica",35,"35 Electricity, gas, steam and air conditioning supply","35 Fornitura di energia elettrica, gas, vapore e aria condizionata",D,"D ELECTRICITY, GAS, STEAM AND AIR CONDITIONING SUPPLY","D FORNITURA DI ENERGIA ELETTRICA, GAS, VAPORE E ARIA CONDIZIONATA"
35.21,35.21 Manufacture of gas,35.21 Produzione di gas,35.2,"35.2 Manufacture of gas, and distribution of gaseous fuels through mains",35.2 Produzione di gas e distribuzione di combustibili gassosi mediante condotte,35,"35 Electricity, gas, steam and air conditioning supply","35 Fornitura di energia elettrica, gas, vapore e aria condizionata",D,"D ELECTRICITY, GAS, STEAM AND AIR CONDITIONING SUPPLY","D FORNITURA DI ENERGIA ELETTRICA, GAS, VAPORE E ARIA CONDIZIONATA"
35.22,35.22 Distribution of gaseous fuels through mains,35.22 Distribuzione di combustibili gassosi mediante condotte,35.2,"35.2 Manufacture of gas, and distribution of gaseous fuels through mains",35.2 Produzione di gas e distribuzione di combustibili gassosi mediante condotte,35,"35 Electricity, gas, steam and air conditioning supply","35 Fornitura di energia elettrica, gas, vapore e aria condizionata",D,"D ELECTRICITY, GAS, STEAM AND AIR CONDITIONING SUPPLY","D FORNITURA DI ENERGIA ELETTRICA, GAS, VAPORE E ARIA CONDIZIONATA"
35.23,35.23 Trade of gas through mains,35.23 Commercio di gas distribuito mediante condotte,35.2,"35.2 Manufacture of gas, and distribution of gaseous fuels through mains",35.2 Produzione di gas e distribuzione di combustibili gassosi mediante condotte,35,"35 Electricity, gas, steam and air conditioning supply","35 Fornitura di energia elettrica, gas, vapore e aria condizionata",D,"D ELECTRICITY, GAS, STEAM AND AIR CONDITIONING SUPPLY","D FORNITURA DI ENERGIA ELETTRICA, GAS, VAPORE E ARIA CONDIZIONATA"
35.24,35.24 Storage of gas as part of network supply services,35.24 Stoccaggio di gas nell’ambito dei servizi di fornitura della rete,35.2,"35.2 Manufacture of gas, and distribution of gaseous fuels through mains",35.2 Produzione di gas e distribuzione di combustibili gassosi mediante condotte,35,"35 Electricity, gas, steam and air conditioning supply","35 Fornitura di energia elettrica, gas, vapore e aria condizionata",D,"D ELECTRICITY, GAS, STEAM AND AIR CONDITIONING SUPPLY","D FORNITURA DI ENERGIA ELETTRICA, GAS, VAPORE E ARIA CONDIZIONATA"
35.30,35.30 Steam and air conditioning supply,35.30 Fornitura di vapore e aria condizionata,35.3,35.3 Steam and air conditioning supply,35.3 Fornitura di vapore e aria condizionata,35,"35 Electricity, gas, steam and air conditioning supply","35 Fornitura di energia elettrica, gas, vapore e aria condizionata",D,"D ELECTRICITY, GAS, STEAM AND AIR CONDITIONING SUPPLY","D FORNITURA DI ENERGIA ELETTRICA, GAS, VAPORE E ARIA CONDIZIONATA"
35.40,35.40 Activities of brokers and agents for electric power and natural gas,35.40 Servizi di intermediazione per l’energia elettrica e il gas naturale,35.4,35.4 Activities of brokers and agents for electric power and natural gas,35.4 Servizi di intermediazione per l’energia elettrica e il gas naturale,35,"35 Electricity, gas, steam and air conditioning supply","35 Fornitura di energia elettrica, gas, vapore e aria condizionata",D,"D ELECTRICITY, GAS, STEAM AND AIR CONDITIONING SUPPLY","D FORNITURA DI ENERGIA ELETTRICA, GAS, VAPORE E ARIA CONDIZIONATA"
36.00,"36.00 Water collection, treatment and supply","36.00 Raccolta, trattamento e fornitura di acqua",36.0,"36.0 Water collection, treatment and supply","36.0 Raccolta, trattamento e fornitura di acqua",36,"36 Water collection, treatment and supply","36 Raccolta, trattamento e fornitura di acqua",E,"E WATER SUPPLY; SEWERAGE, WASTE MANAGEMENT AND REMEDIATION ACTIVITIES","E FORNITURA DI ACQUA; GESTIONE DI RETI FOGNARIE, ATTIVITÀ DI TRATTAMENTO DEI RIFIUTI E RISANAMENTO"
37.00,37.00 Sewerage,37.00 Gestione delle reti fognarie,37.0,37.0 Sewerage,37.0 Gestione delle reti fognarie,37,37 Sewerage,37 Gestione delle reti fognarie,E,"E WATER SUPPLY; SEWERAGE, WASTE MANAGEMENT AND REMEDIATION ACTIVITIES","E FORNITURA DI ACQUA; GESTIONE DI RETI FOGNARIE, ATTIVITÀ DI TRATTAMENTO DEI RIFIUTI E RISANAMENTO"
38.11,38.11 Collection of non-hazardous waste,38.11 Raccolta di rifiuti non pericolosi,38.1,38.1 Waste collection,38.1 Raccolta dei rifiuti,38,"38 Waste collection, recovery and disposal activities","38 Attività di raccolta, recupero e smaltimento dei rifiuti",E,"E WATER SUPPLY; SEWERAGE, WASTE MANAGEMENT AND REMEDIATION ACTIVITIES","E FORNITURA DI ACQUA; GESTIONE DI RETI FOGNARIE, ATTIVITÀ DI TRATTAMENTO DEI RIFIUTI E RISANAMENTO"
38.12,38.12 Collection of hazardous waste,38.12 Raccolta di rifiuti pericolosi,38.1,38.1 Waste collection,38.1 Raccolta dei rifiuti,38,"38 Waste collection, recovery and disposal activities","38 Attività di raccolta, recupero e smaltimento dei rifiuti",E,"E WATER SUPPLY; SEWERAGE, WASTE MANAGEMENT AND REMEDIATION ACTIVITIES","E FORNITURA DI ACQUA; GESTIONE DI RETI FOGNARIE, ATTIVITÀ DI TRATTAMENTO DEI RIFIUTI E RISANAMENTO"
38.21,38.21 Materials recovery,38.21 Recupero dei materiali,38.2,38.2 Waste recovery,38.2 Recupero dei rifiuti,38,"38 Waste collection, recovery and disposal activities","38 Attività di raccolta, recupero e smaltimento dei rifiuti",E,"E WATER SUPPLY; SEWERAGE, WASTE MANAGEMENT AND REMEDIATION ACTIVITIES","E FORNITURA DI ACQUA; GESTIONE DI RETI FOGNARIE, ATTIVITÀ DI TRATTAMENTO DEI RIFIUTI E RISANAMENTO"
38.22,38.22 Energy recovery,38.22 Recupero di energia,38.2,38.2 Waste recovery,38.2 Recupero dei rifiuti,38,"38 Waste collection, recovery and disposal activities","38 Attività di raccolta, recupero e smaltimento dei rifiuti",E,"E WATER SUPPLY; SEWERAGE, WASTE MANAGEMENT AND REMEDIATION ACTIVITIES","E FORNITURA DI ACQUA; GESTIONE DI RETI FOGNARIE, ATTIVITÀ DI TRATTAMENTO DEI RIFIUTI E RISANAMENTO"
38.23,38.23 Other waste recovery,38.23 Altre attività di recupero dei rifiuti,38.2,38.2 Waste recovery,38.2 Recupero dei rifiuti,38,"38 Waste collection, recovery and disposal activities","38 Attività di raccolta, recupero e smaltimento dei rifiuti",E,"E WATER SUPPLY; SEWERAGE, WASTE MANAGEMENT AND REMEDIATION ACTIVITIES","E FORNITURA DI ACQUA; GESTIONE DI RETI FOGNARIE, ATTIVITÀ DI TRATTAMENTO DEI RIFIUTI E RISANAMENTO"
38.31,38.31 Incineration without energy recovery,38.31 Incenerimento senza recupero di energia,38.3,38.3 Waste disposal without recovery,38.3 Smaltimento dei rifiuti senza recupero,38,"38 Waste collection, recovery and disposal activities","38 Attività di raccolta, recupero e smaltimento dei rifiuti",E,"E WATER SUPPLY; SEWERAGE, WASTE MANAGEMENT AND REMEDIATION ACTIVITIES","E FORNITURA DI ACQUA; GESTIONE DI RETI FOGNARIE, ATTIVITÀ DI TRATTAMENTO DEI RIFIUTI E RISANAMENTO"
38.32,38.32 Landfilling or permanent storage,38.32 Conferimento in discarica o stoccaggio permanente,38.3,38.3 Waste disposal without recovery,38.3 Smaltimento dei rifiuti senza recupero,38,"38 Waste collection, recovery and disposal activities","38 Attività di raccolta, recupero e smaltimento dei rifiuti",E,"E WATER SUPPLY; SEWERAGE, WASTE MANAGEMENT AND REMEDIATION ACTIVITIES","E FORNITURA DI ACQUA; GESTIONE DI RETI FOGNARIE, ATTIVITÀ DI TRATTAMENTO DEI RIFIUTI E RISANAMENTO"
38.33,38.33 Other waste disposal,38.33 Altre attività di smaltimento dei rifiuti,38.3,38.3 Waste disposal without recovery,38.3 Smaltimento dei rifiuti senza recupero,38,"38 Waste collection, recovery and disposal activities","38 Attività di raccolta, recupero e smaltimento dei rifiuti",E,"E WATER SUPPLY; SEWERAGE, WASTE MANAGEMENT AND REMEDIATION ACTIVITIES","E FORNITURA DI ACQUA; GESTIONE DI RETI FOGNARIE, ATTIVITÀ DI TRATTAMENTO DEI RIFIUTI E RISANAMENTO"
39.00,39.00 Remediation activities and other waste management service activities,39.00 Attività di risanamento e altri servizi di gestione dei rifiuti,39.0,39.0 Remediation activities and other waste management service activities,39.0 Attività di risanamento e altri servizi di gestione dei rifiuti,39,39 Remediation activities and other waste management service activities,39 Attività di risanamento e altri servizi di gestione dei rifiuti,E,"E WATER SUPPLY; SEWERAGE, WASTE MANAGEMENT AND REMEDIATION ACTIVITIES","E FORNITURA DI ACQUA; GESTIONE DI RETI FOGNARIE, ATTIVITÀ DI TRATTAMENTO DEI RIFIUTI E RISANAMENTO"
41.00,41.00 Construction of residential and non-residential buildings,41.00 Costruzione di edifici residenziali e non residenziali,41.0,41.0 Construction of residential and non-residential buildings,41.0 Costruzione di edifici residenziali e non residenziali,41,41 Construction of residential and non-residential buildings,41 Costruzione di edifici residenziali e non residenziali,F,F CONSTRUCTION,F COSTRUZIONI
42.11,42.11 Construction of roads and motorways,42.11 Costruzione di strade e autostrade,42.1,42.1 Construction of roads and railways,42.1 Costruzione di strade e linee ferroviarie,42,42 Civil engineering,42 Ingegneria civile,F,F CONSTRUCTION,F COSTRUZIONI
42.12,42.12 Construction of railways and underground railways,42.12 Costruzione di linee ferroviarie e metropolitane,42.1,42.1 Construction of roads and railways,42.1 Costruzione di strade e linee ferroviarie,42,42 Civil engineering,42 Ingegneria civile,F,F CONSTRUCTION,F COSTRUZIONI
42.13,42.13 Construction of bridges and tunnels,42.13 Costruzione di ponti e gallerie,42.1,42.1 Construction of roads and railways,42.1 Costruzione di strade e linee ferroviarie,42,42 Civil engineering,42 Ingegneria civile,F,F CONSTRUCTION,F COSTRUZIONI
42.21,42.21 Construction of utility projects for fluids,42.21 Costruzione di opere di pubblica utilità per il trasporto dei fluidi,42.2,42.2 Construction of utility projects,42.2 Costruzione di opere di pubblica utilità,42,42 Civil engineering,42 Ingegneria civile,F,F CONSTRUCTION,F COSTRUZIONI
42.22,42.22 Construction of utility projects for electricity and telecommunications,42.22 Costruzione di opere di pubblica utilità per l’energia elettrica e le telecomunicazioni,42.2,42.2 Construction of utility projects,42.2 Costruzione di opere di pubblica utilità,42,42 Civil engineering,42 Ingegneria civile,F,F CONSTRUCTION,F COSTRUZIONI
42.91,42.91 Construction of water projects,42.91 Costruzione di opere idrauliche,42.9,42.9 Construction of other civil engineering projects,42.9 Costruzione di altre opere di ingegneria civile,42,42 Civil engineering,42 Ingegneria civile,F,F CONSTRUCTION,F COSTRUZIONI
42.99,42.99 Construction of other civil engineering projects n.e.c.,42.99 Costruzione di altre opere di ingegneria civile n.c.a.,42.9,42.9 Construction of other civil engineering projects,42.9 Costruzione di altre opere di ingegneria civile,42,42 Civil engineering,42 Ingegneria civile,F,F CONSTRUCTION,F COSTRUZIONI
43.11,43.11 Demolition,43.11 Demolizione,43.1,43.1 Demolition and site preparation,43.1 Demolizione e preparazione del cantiere edile,43,43 Specialised construction activities,43 Lavori di costruzione specializzati,F,F CONSTRUCTION,F COSTRUZIONI
43.12,43.12 Site preparation,43.12 Preparazione del cantiere edile,43.1,43.1 Demolition and site preparation,43.1 Demolizione e preparazione del cantiere edile,43,43 Specialised construction activities,43 Lavori di costruzione specializzati,F,F CONSTRUCTION,F COSTRUZIONI
43.13,43.13 Test drilling and boring,43.13 Trivellazioni e perforazioni,43.1,43.1 Demolition and site preparation,43.1 Demolizione e preparazione del cantiere edile,43,43 Specialised construction activities,43 Lavori di costruzione specializzati,F,F CONSTRUCTION,F COSTRUZIONI
43.21,43.21 Electrical installation,43.21 Installazione di impianti elettrici,43.2,"43.2 Electrical, plumbing and other construction installation activities","43.2 Installazione di impianti elettrici, idraulici e altri lavori di installazione edili",43,43 Specialised construction activities,43 Lavori di costruzione specializzati,F,F CONSTRUCTION,F COSTRUZIONI
43.22,"43.22 Plumbing, heat and air-conditioning installation","43.22 Installazione di impianti idraulici, di riscaldamento e di condizionamento dell’aria",43.2,"43.2 Electrical, plumbing and other construction installation activities","43.2 Installazione di impianti elettrici, idraulici e altri lavori di installazione edili",43,43 Specialised construction activities,43 Lavori di costruzione specializzati,F,F CONSTRUCTION,F COSTRUZIONI
43.23,43.23 Installation of insulation,43.23 Installazione di sistemi per l'isolamento,43.2,"43.2 Electrical, plumbing and other construction installation activities","43.2 Installazione di impianti elettrici, idraulici e altri lavori di installazione edili",43,43 Specialised construction activities,43 Lavori di costruzione specializzati,F,F CONSTRUCTION,F COSTRUZIONI
43.24,43.24 Other construction installation,43.24 Altri lavori di installazione edili,43.2,"43.2 Electrical, plumbing and other construction installation activities","43.2 Installazione di impianti elettrici, idraulici e altri lavori di installazione edili",43,43 Specialised construction activities,43 Lavori di costruzione specializzati,F,F CONSTRUCTION,F COSTRUZIONI
43.31,43.31 Plastering,43.31 Intonacatura,43.3,43.3 Building completion and finishing,43.3 Completamento e finitura di edifici,43,43 Specialised construction activities,43 Lavori di costruzione specializzati,F,F CONSTRUCTION,F COSTRUZIONI
43.32,43.32 Joinery installation,43.32 Posa in opera di infissi,43.3,43.3 Building completion and finishing,43.3 Completamento e finitura di edifici,43,43 Specialised construction activities,43 Lavori di costruzione specializzati,F,F CONSTRUCTION,F COSTRUZIONI
43.33,43.33 Floor and wall covering,43.33 Rivestimento di pavimenti e di pareti,43.3,43.3 Building completion and finishing,43.3 Completamento e finitura di edifici,43,43 Specialised construction activities,43 Lavori di costruzione specializzati,F,F CONSTRUCTION,F COSTRUZIONI
43.34,43.34 Painting and glazing,43.34 Tinteggiatura e posa in opera di vetri,43.3,43.3 Building completion and finishing,43.3 Completamento e finitura di edifici,43,43 Specialised construction activities,43 Lavori di costruzione specializzati,F,F CONSTRUCTION,F COSTRUZIONI
43.35,43.35 Other building completion and finishing,43.35 Altri lavori di completamento e finitura degli edifici,43.3,43.3 Building completion and finishing,43.3 Completamento e finitura di edifici,43,43 Specialised construction activities,43 Lavori di costruzione specializzati,F,F CONSTRUCTION,F COSTRUZIONI
43.41,43.41 Roofing activities,43.41 Realizzazione di coperture,43.4,43.4 Specialised construction activities in construction of buildings,43.4 Lavori di costruzione specializzati nella costruzione di edifici,43,43 Specialised construction activities,43 Lavori di costruzione specializzati,F,F CONSTRUCTION,F COSTRUZIONI
43.42,43.42 Other specialised construction activities in construction of buildings,43.42 Altri lavori di costruzione specializzati nella costruzione di edifici,43.4,43.4 Specialised construction activities in construction of buildings,43.4 Lavori di costruzione specializzati nella costruzione di edifici,43,43 Specialised construction activities,43 Lavori di costruzione specializzati,F,F CONSTRUCTION,F COSTRUZIONI
43.50,43.50 Specialised construction activities in civil engineering,43.50 Lavori di costruzione specializzati nell’ingegneria civile,43.5,43.5 Specialised construction activities in civil engineering,43.5 Lavori di costruzione specializzati nell’ingegneria civile,43,43 Specialised construction activities,43 Lavori di costruzione specializzati,F,F CONSTRUCTION,F COSTRUZIONI
43.60,43.60 Intermediation service activities for specialised construction services,43.60 Attività di servizi di intermediazione per servizi di costruzione specializzati,43.6,43.6 Intermediation service activities for specialised construction services,43.6 Attività di servizi di intermediazione per servizi di costruzione specializzati,43,43 Specialised construction activities,43 Lavori di costruzione specializzati,F,F CONSTRUCTION,F COSTRUZIONI
43.91,43.91 Masonry and bricklaying activities,43.91 Lavori di muratura,43.9,43.9 Other specialised construction activities,43.9 Altri lavori di costruzione specializzati,43,43 Specialised construction activities,43 Lavori di costruzione specializzati,F,F CONSTRUCTION,F COSTRUZIONI
43.99,43.99 Other specialised construction activities n.e.c.,43.99 Altri lavori di costruzione specializzati n.c.a.,43.9,43.9 Other specialised construction activities,43.9 Altri lavori di costruzione specializzati,43,43 Specialised construction activities,43 Lavori di costruzione specializzati,F,F CONSTRUCTION,F COSTRUZIONI
46.11,"46.11 Activities of agents involved in the wholesale of agricultural raw materials, live animals, textile raw materials and semi-finished goods","46.11 Attività di intermediari del commercio all’ingrosso di materie prime agricole, animali vivi, materie prime tessili e semilavorati",46.1,46.1 Wholesale on a fee or contract basis,46.1 Attività di servizi di intermediazione per il commercio all’ingrosso,46,46 Wholesale trade,46 Commercio all’ingrosso,G,G WHOLESALE AND RETAIL TRADE,G COMMERCIO ALL’INGROSSO E AL DETTAGLIO
46.12,"46.12 Activities of agents involved in the wholesale of fuels, ores, metals and industrial chemicals","46.12 Attività di intermediari del commercio all'ingrosso di combustibili, minerali, metalli e prodotti chimici per l'industria",46.1,46.1 Wholesale on a fee or contract basis,46.1 Attività di servizi di intermediazione per il commercio all’ingrosso,46,46 Wholesale trade,46 Commercio all’ingrosso,G,G WHOLESALE AND RETAIL TRADE,G COMMERCIO ALL’INGROSSO E AL DETTAGLIO
46.13,46.13 Activities of agents involved in the wholesale of timber and building materials,46.13 Attività di intermediari del commercio all’ingrosso di legname e materiali da costruzione,46.1,46.1 Wholesale on a fee or contract basis,46.1 Attività di servizi di intermediazione per il commercio all’ingrosso,46,46 Wholesale trade,46 Commercio all’ingrosso,G,G WHOLESALE AND RETAIL TRADE,G COMMERCIO ALL’INGROSSO E AL DETTAGLIO
46.14,"46.14 Activities of agents involved in the wholesale of machinery, industrial equipment, ships and aircraft","46.14 Attività di intermediari del commercio all'ingrosso di macchine e attrezzature industriali, navi e aeromobili",46.1,46.1 Wholesale on a fee or contract basis,46.1 Attività di servizi di intermediazione per il commercio all’ingrosso,46,46 Wholesale trade,46 Commercio all’ingrosso,G,G WHOLESALE AND RETAIL TRADE,G COMMERCIO ALL’INGROSSO E AL DETTAGLIO
46.15,"46.15 Activities of agents involved in the wholesale of furniture, household goods, hardware and ironmongery","46.15 Attività di intermediari del commercio all’ingrosso di mobili, articoli per la casa e ferramenta",46.1,46.1 Wholesale on a fee or contract basis,46.1 Attività di servizi di intermediazione per il commercio all’ingrosso,46,46 Wholesale trade,46 Commercio all’ingrosso,G,G WHOLESALE AND RETAIL TRADE,G COMMERCIO ALL’INGROSSO E AL DETTAGLIO
46.16,"46.16 Activities of agents involved in the wholesale of textiles, clothing, fur, footwear and leather goods","46.16 Attività di intermediari del commercio all’ingrosso di prodotti tessili, abbigliamento, pellicce, calzature e articoli in pelle",46.1,46.1 Wholesale on a fee or contract basis,46.1 Attività di servizi di intermediazione per il commercio all’ingrosso,46,46 Wholesale trade,46 Commercio all’ingrosso,G,G WHOLESALE AND RETAIL TRADE,G COMMERCIO ALL’INGROSSO E AL DETTAGLIO
46.17,"46.17 Activities of agents involved in the wholesale of food, beverages and tobacco","46.17 Attività di intermediari del commercio all’ingrosso di prodotti alimentari, bevande e tabacchi",46.1,46.1 Wholesale on a fee or contract basis,46.1 Attività di servizi di intermediazione per il commercio all’ingrosso,46,46 Wholesale trade,46 Commercio all’ingrosso,G,G WHOLESALE AND RETAIL TRADE,G COMMERCIO ALL’INGROSSO E AL DETTAGLIO
46.18,46.18 Activities of agents involved in the wholesale of other particular products,46.18 Attività di intermediari del commercio all’ingrosso di altri prodotti specifici,46.1,46.1 Wholesale on a fee or contract basis,46.1 Attività di servizi di intermediazione per il commercio all’ingrosso,46,46 Wholesale trade,46 Commercio all’ingrosso,G,G WHOLESALE AND RETAIL TRADE,G COMMERCIO ALL’INGROSSO E AL DETTAGLIO
46.19,46.19 Activities of agents involved in non-specialised wholesale,46.19 Attività di intermediari del commercio all’ingrosso non specializzato,46.1,46.1 Wholesale on a fee or contract basis,46.1 Attività di servizi di intermediazione per il commercio all’ingrosso,46,46 Wholesale trade,46 Commercio all’ingrosso,G,G WHOLESALE AND RETAIL TRADE,G COMMERCIO ALL’INGROSSO E AL DETTAGLIO
46.21,"46.21 Wholesale of grain, unmanufactured tobacco, seeds and animal feeds","46.21 Commercio all’ingrosso di cereali, tabacco grezzo, sementi e alimenti per il bestiame",46.2,46.2 Wholesale of agricultural raw materials and live animals,46.2 Commercio all’ingrosso di materie prime agricole e animali vivi,46,46 Wholesale trade,46 Commercio all’ingrosso,G,G WHOLESALE AND RETAIL TRADE,G COMMERCIO ALL’INGROSSO E AL DETTAGLIO
46.22,46.22 Wholesale of flowers and plants,46.22 Commercio all’ingrosso di fiori e piante,46.2,46.2 Wholesale of agricultural raw materials and live animals,46.2 Commercio all’ingrosso di materie prime agricole e animali vivi,46,46 Wholesale trade,46 Commercio all’ingrosso,G,G WHOLESALE AND RETAIL TRADE,G COMMERCIO ALL’INGROSSO E AL DETTAGLIO
46.23,46.23 Wholesale of live animals,46.23 Commercio all’ingrosso di animali vivi,46.2,46.2 Wholesale of agricultural raw materials and live animals,46.2 Commercio all’ingrosso di materie prime agricole e animali vivi,46,46 Wholesale trade,46 Commercio all’ingrosso,G,G WHOLESALE AND RETAIL TRADE,G COMMERCIO ALL’INGROSSO E AL DETTAGLIO
46.24,"46.24 Wholesale of hides, skins and leather",46.24 Commercio all’ingrosso di pelli e cuoio,46.2,46.2 Wholesale of agricultural raw materials and live animals,46.2 Commercio all’ingrosso di materie prime agricole e animali vivi,46,46 Wholesale trade,46 Commercio all’ingrosso,G,G WHOLESALE AND RETAIL TRADE,G COMMERCIO ALL’INGROSSO E AL DETTAGLIO
46.31,46.31 Wholesale of fruit and vegetables,46.31 Commercio all’ingrosso di frutta e ortaggi,46.3,"46.3 Wholesale of food, beverages and tobacco","46.3 Commercio all’ingrosso di prodotti alimentari, bevande e tabacchi",46,46 Wholesale trade,46 Commercio all’ingrosso,G,G WHOLESALE AND RETAIL TRADE,G COMMERCIO ALL’INGROSSO E AL DETTAGLIO
46.32,"46.32 Wholesale of meat, meat products, fish and fish products","46.32 Commercio all'ingrosso di carne, prodotti a base di carne, pesce e prodotti a base di pesce",46.3,"46.3 Wholesale of food, beverages and tobacco","46.3 Commercio all’ingrosso di prodotti alimentari, bevande e tabacchi",46,46 Wholesale trade,46 Commercio all’ingrosso,G,G WHOLESALE AND RETAIL TRADE,G COMMERCIO ALL’INGROSSO E AL DETTAGLIO
46.33,"46.33 Wholesale of dairy products, eggs and edible oils and fats","46.33 Commercio all'ingrosso di prodotti lattiero-caseari, uova, oli e grassi alimentari",46.3,"46.3 Wholesale of food, beverages and tobacco","46.3 Commercio all’ingrosso di prodotti alimentari, bevande e tabacchi",46,46 Wholesale trade,46 Commercio all’ingrosso,G,G WHOLESALE AND RETAIL TRADE,G COMMERCIO ALL’INGROSSO E AL DETTAGLIO
46.34,46.34 Wholesale of beverages,46.34 Commercio all’ingrosso di bevande,46.3,"46.3 Wholesale of food, beverages and tobacco","46.3 Commercio all’ingrosso di prodotti alimentari, bevande e tabacchi",46,46 Wholesale trade,46 Commercio all’ingrosso,G,G WHOLESALE AND RETAIL TRADE,G COMMERCIO ALL’INGROSSO E AL DETTAGLIO
46.35,46.35 Wholesale of tobacco products,46.35 Commercio all'ingrosso di prodotti del tabacco,46.3,"46.3 Wholesale of food, beverages and tobacco","46.3 Commercio all’ingrosso di prodotti alimentari, bevande e tabacchi",46,46 Wholesale trade,46 Commercio all’ingrosso,G,G WHOLESALE AND RETAIL TRADE,G COMMERCIO ALL’INGROSSO E AL DETTAGLIO
46.36,"46.36 Wholesale of sugar, chocolate and sugar confectionery","46.36 Commercio all’ingrosso di zucchero, cioccolato e dolciumi",46.3,"46.3 Wholesale of food, beverages and tobacco","46.3 Commercio all’ingrosso di prodotti alimentari, bevande e tabacchi",46,46 Wholesale trade,46 Commercio all’ingrosso,G,G WHOLESALE AND RETAIL TRADE,G COMMERCIO ALL’INGROSSO E AL DETTAGLIO
46.37,"46.37 Wholesale of coffee, tea, cocoa and spices","46.37 Commercio all’ingrosso di caffè, tè, cacao e spezie",46.3,"46.3 Wholesale of food, beverages and tobacco","46.3 Commercio all’ingrosso di prodotti alimentari, bevande e tabacchi",46,46 Wholesale trade,46 Commercio all’ingrosso,G,G WHOLESALE AND RETAIL TRADE,G COMMERCIO ALL’INGROSSO E AL DETTAGLIO
46.38,46.38 Wholesale of other food,46.38 Commercio all’ingrosso di altri prodotti alimentari,46.3,"46.3 Wholesale of food, beverages and tobacco","46.3 Commercio all’ingrosso di prodotti alimentari, bevande e tabacchi",46,46 Wholesale trade,46 Commercio all’ingrosso,G,G WHOLESALE AND RETAIL TRADE,G COMMERCIO ALL’INGROSSO E AL DETTAGLIO
46.39,"46.39 Non-specialised wholesale of food, beverages and tobacco","46.39 Commercio all’ingrosso non specializzato di prodotti alimentari, bevande e tabacchi",46.3,"46.3 Wholesale of food, beverages and tobacco","46.3 Commercio all’ingrosso di prodotti alimentari, bevande e tabacchi",46,46 Wholesale trade,46 Commercio all’ingrosso,G,G WHOLESALE AND RETAIL TRADE,G COMMERCIO ALL’INGROSSO E AL DETTAGLIO
46.41,46.41 Wholesale of textiles,46.41 Commercio all’ingrosso di prodotti tessili,46.4,46.4 Wholesale of household goods,46.4 Commercio all’ingrosso di beni di consumo,46,46 Wholesale trade,46 Commercio all’ingrosso,G,G WHOLESALE AND RETAIL TRADE,G COMMERCIO ALL’INGROSSO E AL DETTAGLIO
46.42,46.42 Wholesale of clothing and footwear,46.42 Commercio all’ingrosso di abbigliamento e di calzature,46.4,46.4 Wholesale of household goods,46.4 Commercio all’ingrosso di beni di consumo,46,46 Wholesale trade,46 Commercio all’ingrosso,G,G WHOLESALE AND RETAIL TRADE,G COMMERCIO ALL’INGROSSO E AL DETTAGLIO
46.43,46.43 Wholesale of electrical household appliances,46.43 Commercio all’ingrosso di elettrodomestici,46.4,46.4 Wholesale of household goods,46.4 Commercio all’ingrosso di beni di consumo,46,46 Wholesale trade,46 Commercio all’ingrosso,G,G WHOLESALE AND RETAIL TRADE,G COMMERCIO ALL’INGROSSO E AL DETTAGLIO
46.44,46.44 Wholesale of china and glassware and cleaning materials,"46.44 Commercio all’ingrosso di articoli di porcellana, di vetro e di prodotti per la pulizia",46.4,46.4 Wholesale of household goods,46.4 Commercio all’ingrosso di beni di consumo,46,46 Wholesale trade,46 Commercio all’ingrosso,G,G WHOLESALE AND RETAIL TRADE,G COMMERCIO ALL’INGROSSO E AL DETTAGLIO
46.45,46.45 Wholesale of perfume and cosmetics,46.45 Commercio all’ingrosso di profumi e cosmetici,46.4,46.4 Wholesale of household goods,46.4 Commercio all’ingrosso di beni di consumo,46,46 Wholesale trade,46 Commercio all’ingrosso,G,G WHOLESALE AND RETAIL TRADE,G COMMERCIO ALL’INGROSSO E AL DETTAGLIO
46.46,46.46 Wholesale of pharmaceutical and medical goods,46.46 Commercio all’ingrosso di prodotti farmaceutici e medicali,46.4,46.4 Wholesale of household goods,46.4 Commercio all’ingrosso di beni di consumo,46,46 Wholesale trade,46 Commercio all’ingrosso,G,G WHOLESALE AND RETAIL TRADE,G COMMERCIO ALL’INGROSSO E AL DETTAGLIO
46.47,"46.47 Wholesale of household, office and shop furniture, carpets and lighting equipment","46.47 Commercio all'ingrosso di mobili, tappeti e articoli per l'illuminazione per la casa, l'ufficio e i negozi",46.4,46.4 Wholesale of household goods,46.4 Commercio all’ingrosso di beni di consumo,46,46 Wholesale trade,46 Commercio all’ingrosso,G,G WHOLESALE AND RETAIL TRADE,G COMMERCIO ALL’INGROSSO E AL DETTAGLIO
46.48,46.48 Wholesale of watches and jewellery,46.48 Commercio all’ingrosso di orologi e di gioielleria,46.4,46.4 Wholesale of household goods,46.4 Commercio all’ingrosso di beni di consumo,46,46 Wholesale trade,46 Commercio all’ingrosso,G,G WHOLESALE AND RETAIL TRADE,G COMMERCIO ALL’INGROSSO E AL DETTAGLIO
46.49,46.49 Wholesale of other household goods,46.49 Commercio all’ingrosso di altri beni di consumo,46.4,46.4 Wholesale of household goods,46.4 Commercio all’ingrosso di beni di consumo,46,46 Wholesale trade,46 Commercio all’ingrosso,G,G WHOLESALE AND RETAIL TRADE,G COMMERCIO ALL’INGROSSO E AL DETTAGLIO
46.50,46.50 Wholesale of information and communication equipment,46.50 Commercio all’ingrosso di apparecchiature informatiche e di comunicazione,46.5,46.5 Wholesale of information and communication equipment,46.5 Commercio all’ingrosso di apparecchiature informatiche e di comunicazione,46,46 Wholesale trade,46 Commercio all’ingrosso,G,G WHOLESALE AND RETAIL TRADE,G COMMERCIO ALL’INGROSSO E AL DETTAGLIO
46.61,"46.61 Wholesale of agricultural machinery, equipment and supplies","46.61 Commercio all’ingrosso di macchinari, attrezzature e forniture agricole",46.6,"46.6 Wholesale of other machinery, equipment and supplies","46.6 Commercio all’ingrosso di altri macchinari, attrezzature e forniture",46,46 Wholesale trade,46 Commercio all’ingrosso,G,G WHOLESALE AND RETAIL TRADE,G COMMERCIO ALL’INGROSSO E AL DETTAGLIO
46.62,46.62 Wholesale of machine tools,46.62 Commercio all’ingrosso di macchine utensili,46.6,"46.6 Wholesale of other machinery, equipment and supplies","46.6 Commercio all’ingrosso di altri macchinari, attrezzature e forniture",46,46 Wholesale trade,46 Commercio all’ingrosso,G,G WHOLESALE AND RETAIL TRADE,G COMMERCIO ALL’INGROSSO E AL DETTAGLIO
46.63,"46.63 Wholesale of mining, construction and civil engineering machinery","46.63 Commercio all’ingrosso di macchinari per l’estrazione, l’edilizia e l’ingegneria civile",46.6,"46.6 Wholesale of other machinery, equipment and supplies","46.6 Commercio all’ingrosso di altri macchinari, attrezzature e forniture",46,46 Wholesale trade,46 Commercio all’ingrosso,G,G WHOLESALE AND RETAIL TRADE,G COMMERCIO ALL’INGROSSO E AL DETTAGLIO
46.64,46.64 Wholesale of other machinery and equipment,46.64 Commercio all’ingrosso di altri macchinari e attrezzature,46.6,"46.6 Wholesale of other machinery, equipment and supplies","46.6 Commercio all’ingrosso di altri macchinari, attrezzature e forniture",46,46 Wholesale trade,46 Commercio all’ingrosso,G,G WHOLESALE AND RETAIL TRADE,G COMMERCIO ALL’INGROSSO E AL DETTAGLIO
46.71,46.71 Wholesale of motor vehicles,46.71 Commercio all’ingrosso di autoveicoli,46.7,"46.7 Wholesale of motor vehicles, motorcycles and related parts and accessories","46.7 Commercio all’ingrosso di autoveicoli, motocicli e relative parti e accessori",46,46 Wholesale trade,46 Commercio all’ingrosso,G,G WHOLESALE AND RETAIL TRADE,G COMMERCIO ALL’INGROSSO E AL DETTAGLIO
46.72,46.72 Wholesale of motor vehicle parts and accessories,46.72 Commercio all’ingrosso di parti e accessori di autoveicoli,46.7,"46.7 Wholesale of motor vehicles, motorcycles and related parts and accessories","46.7 Commercio all’ingrosso di autoveicoli, motocicli e relative parti e accessori",46,46 Wholesale trade,46 Commercio all’ingrosso,G,G WHOLESALE AND RETAIL TRADE,G COMMERCIO ALL’INGROSSO E AL DETTAGLIO
46.73,"46.73 Wholesale of motorcycles, motorcycle parts and accessories","46.73 Commercio all’ingrosso di motocicli, parti e accessori di motocicli",46.7,"46.7 Wholesale of motor vehicles, motorcycles and related parts and accessories","46.7 Commercio all’ingrosso di autoveicoli, motocicli e relative parti e accessori",46,46 Wholesale trade,46 Commercio all’ingrosso,G,G WHOLESALE AND RETAIL TRADE,G COMMERCIO ALL’INGROSSO E AL DETTAGLIO
46.81,"46.81 Wholesale of solid, liquid and gaseous fuels and related products","46.81 Commercio all’ingrosso di combustibili solidi, liquidi, gassosi e di prodotti derivati",46.8,46.8 Other specialised wholesale,46.8 Commercio all’ingrosso specializzato di altri prodotti,46,46 Wholesale trade,46 Commercio all’ingrosso,G,G WHOLESALE AND RETAIL TRADE,G COMMERCIO ALL’INGROSSO E AL DETTAGLIO
46.82,46.82 Wholesale of metals and metal ores,46.82 Commercio all’ingrosso di metalli e minerali metalliferi,46.8,46.8 Other specialised wholesale,46.8 Commercio all’ingrosso specializzato di altri prodotti,46,46 Wholesale trade,46 Commercio all’ingrosso,G,G WHOLESALE AND RETAIL TRADE,G COMMERCIO ALL’INGROSSO E AL DETTAGLIO
46.83,"46.83 Wholesale of wood, construction materials and sanitary equipment","46.83 Commercio all’ingrosso di legname, materiali da costruzione e articoli igienico-sanitari",46.8,46.8 Other specialised wholesale,46.8 Commercio all’ingrosso specializzato di altri prodotti,46,46 Wholesale trade,46 Commercio all’ingrosso,G,G WHOLESALE AND RETAIL TRADE,G COMMERCIO ALL’INGROSSO E AL DETTAGLIO
46.84,"46.84 Wholesale of hardware, plumbing and heating equipment and supplies","46.84 Commercio all’ingrosso di ferramenta, di apparecchi e accessori per impianti idraulici e di riscaldamento",46.8,46.8 Other specialised wholesale,46.8 Commercio all’ingrosso specializzato di altri prodotti,46,46 Wholesale trade,46 Commercio all’ingrosso,G,G WHOLESALE AND RETAIL TRADE,G COMMERCIO ALL’INGROSSO E AL DETTAGLIO
46.85,46.85 Wholesale of chemical products,46.85 Commercio all’ingrosso di prodotti chimici,46.8,46.8 Other specialised wholesale,46.8 Commercio all’ingrosso specializzato di altri prodotti,46,46 Wholesale trade,46 Commercio all’ingrosso,G,G WHOLESALE AND RETAIL TRADE,G COMMERCIO ALL’INGROSSO E AL DETTAGLIO
46.86,46.86 Wholesale of other intermediate products,46.86 Commercio all’ingrosso di altri prodotti intermedi,46.8,46.8 Other specialised wholesale,46.8 Commercio all’ingrosso specializzato di altri prodotti,46,46 Wholesale trade,46 Commercio all’ingrosso,G,G WHOLESALE AND RETAIL TRADE,G COMMERCIO ALL’INGROSSO E AL DETTAGLIO
46.87,46.87 Wholesale of waste and scrap,46.87 Commercio all’ingrosso di rottami e cascami,46.8,46.8 Other specialised wholesale,46.8 Commercio all’ingrosso specializzato di altri prodotti,46,46 Wholesale trade,46 Commercio all’ingrosso,G,G WHOLESALE AND RETAIL TRADE,G COMMERCIO ALL’INGROSSO E AL DETTAGLIO
46.89,46.89 Other specialised wholesale n.e.c.,46.89 Commercio all’ingrosso specializzato di altri prodotti n.c.a.,46.8,46.8 Other specialised wholesale,46.8 Commercio all’ingrosso specializzato di altri prodotti,46,46 Wholesale trade,46 Commercio all’ingrosso,G,G WHOLESALE AND RETAIL TRADE,G COMMERCIO ALL’INGROSSO E AL DETTAGLIO
46.90,46.90 Non-specialised wholesale trade,46.90 Commercio all’ingrosso non specializzato,46.9,46.9 Non-specialised wholesale trade,46.9 Commercio all’ingrosso non specializzato,46,46 Wholesale trade,46 Commercio all’ingrosso,G,G WHOLESALE AND RETAIL TRADE,G COMMERCIO ALL’INGROSSO E AL DETTAGLIO
47.11,"47.11 Non-specialised retail sale of predominately food, beverages or tobacco","47.11 Commercio al dettaglio non specializzato con prevalenza di prodotti alimentari, bevande o tabacchi",47.1,47.1 Non-specialised retail sale,47.1 Commercio al dettaglio non specializzato,47,47 Retail trade,47 Commercio al dettaglio,G,G WHOLESALE AND RETAIL TRADE,G COMMERCIO ALL’INGROSSO E AL DETTAGLIO
47.12,47.12 Other non-specialised retail sale,47.12 Commercio al dettaglio non specializzato di altri prodotti,47.1,47.1 Non-specialised retail sale,47.1 Commercio al dettaglio non specializzato,47,47 Retail trade,47 Commercio al dettaglio,G,G WHOLESALE AND RETAIL TRADE,G COMMERCIO ALL’INGROSSO E AL DETTAGLIO
47.21,47.21 Retail sale of fruit and vegetables,47.21 Commercio al dettaglio di frutta e verdura,47.2,"47.2 Retail sale of food, beverages and tobacco","47.2 Commercio al dettaglio di prodotti alimentari, bevande e tabacchi",47,47 Retail trade,47 Commercio al dettaglio,G,G WHOLESALE AND RETAIL TRADE,G COMMERCIO ALL’INGROSSO E AL DETTAGLIO
47.22,47.22 Retail sale of meat and meat products,47.22 Commercio al dettaglio di carne e di prodotti a base di carne,47.2,"47.2 Retail sale of food, beverages and tobacco","47.2 Commercio al dettaglio di prodotti alimentari, bevande e tabacchi",47,47 Retail trade,47 Commercio al dettaglio,G,G WHOLESALE AND RETAIL TRADE,G COMMERCIO ALL’INGROSSO E AL DETTAGLIO
47.23,"47.23 Retail sale of fish, crustaceans and molluscs","47.23 Commercio al dettaglio di pesce, crostacei e molluschi",47.2,"47.2 Retail sale of food, beverages and tobacco","47.2 Commercio al dettaglio di prodotti alimentari, bevande e tabacchi",47,47 Retail trade,47 Commercio al dettaglio,G,G WHOLESALE AND RETAIL TRADE,G COMMERCIO ALL’INGROSSO E AL DETTAGLIO
47.24,"47.24 Retail sale of bread, cake and confectionery","47.24 Commercio al dettaglio di pane, pasticceria e dolciumi",47.2,"47.2 Retail sale of food, beverages and tobacco","47.2 Commercio al dettaglio di prodotti alimentari, bevande e tabacchi",47,47 Retail trade,47 Commercio al dettaglio,G,G WHOLESALE AND RETAIL TRADE,G COMMERCIO ALL’INGROSSO E AL DETTAGLIO
47.25,47.25 Retail sale of beverages,47.25 Commercio al dettaglio di bevande,47.2,"47.2 Retail sale of food, beverages and tobacco","47.2 Commercio al dettaglio di prodotti alimentari, bevande e tabacchi",47,47 Retail trade,47 Commercio al dettaglio,G,G WHOLESALE AND RETAIL TRADE,G COMMERCIO ALL’INGROSSO E AL DETTAGLIO
47.26,47.26 Retail sale of tobacco products,47.26 Commercio al dettaglio di prodotti del tabacco,47.2,"47.2 Retail sale of food, beverages and tobacco","47.2 Commercio al dettaglio di prodotti alimentari, bevande e tabacchi",47,47 Retail trade,47 Commercio al dettaglio,G,G WHOLESALE AND RETAIL TRADE,G COMMERCIO ALL’INGROSSO E AL DETTAGLIO
47.27,47.27 Retail sale of other food,47.27 Commercio al dettaglio di altri prodotti alimentari,47.2,"47.2 Retail sale of food, beverages and tobacco","47.2 Commercio al dettaglio di prodotti alimentari, bevande e tabacchi",47,47 Retail trade,47 Commercio al dettaglio,G,G WHOLESALE AND RETAIL TRADE,G COMMERCIO ALL’INGROSSO E AL DETTAGLIO
47.30,47.30 Retail sale of automotive fuel,47.30 Commercio al dettaglio di carburanti per autotrazione,47.3,47.3 Retail sale of automotive fuel,47.3 Commercio al dettaglio di carburanti per autotrazione,47,47 Retail trade,47 Commercio al dettaglio,G,G WHOLESALE AND RETAIL TRADE,G COMMERCIO ALL’INGROSSO E AL DETTAGLIO
47.40,47.40 Retail sale of information and communication equipment,47.40 Commercio al dettaglio di apparecchiature informatiche e di comunicazione,47.4,47.4 Retail sale of information and communication equipment,47.4 Commercio al dettaglio di apparecchiature informatiche e di comunicazione,47,47 Retail trade,47 Commercio al dettaglio,G,G WHOLESALE AND RETAIL TRADE,G COMMERCIO ALL’INGROSSO E AL DETTAGLIO
47.51,47.51 Retail sale of textiles,47.51 Commercio al dettaglio di prodotti tessili,47.5,47.5 Retail sale of other household equipment,47.5 Commercio al dettaglio di altre attrezzature per uso domestico,47,47 Retail trade,47 Commercio al dettaglio,G,G WHOLESALE AND RETAIL TRADE,G COMMERCIO ALL’INGROSSO E AL DETTAGLIO
47.52,"47.52 Retail sale of hardware, building materials, paints and glass","47.52 Commercio al dettaglio di ferramenta, materiali da costruzione, vernici e vetro",47.5,47.5 Retail sale of other household equipment,47.5 Commercio al dettaglio di altre attrezzature per uso domestico,47,47 Retail trade,47 Commercio al dettaglio,G,G WHOLESALE AND RETAIL TRADE,G COMMERCIO ALL’INGROSSO E AL DETTAGLIO
47.53,"47.53 Retail sale of carpets, rugs, wall and floor coverings","47.53 Commercio al dettaglio di tappeti, moquette, rivestimenti per pareti e pavimenti",47.5,47.5 Retail sale of other household equipment,47.5 Commercio al dettaglio di altre attrezzature per uso domestico,47,47 Retail trade,47 Commercio al dettaglio,G,G WHOLESALE AND RETAIL TRADE,G COMMERCIO ALL’INGROSSO E AL DETTAGLIO
47.54,47.54 Retail sale of electrical household appliances,47.54 Commercio al dettaglio di elettrodomestici,47.5,47.5 Retail sale of other household equipment,47.5 Commercio al dettaglio di altre attrezzature per uso domestico,47,47 Retail trade,47 Commercio al dettaglio,G,G WHOLESALE AND RETAIL TRADE,G COMMERCIO ALL’INGROSSO E AL DETTAGLIO
47.55,"47.55 Retail sale of furniture, lighting equipment, tableware and other household goods","47.55 Commercio al dettaglio di mobili, di articoli per l’illuminazione, articoli per la tavola e altri articoli per la casa",47.5,47.5 Retail sale of other household equipment,47.5 Commercio al dettaglio di altre attrezzature per uso domestico,47,47 Retail trade,47 Commercio al dettaglio,G,G WHOLESALE AND RETAIL TRADE,G COMMERCIO ALL’INGROSSO E AL DETTAGLIO
47.61,47.61 Retail sale of books,47.61 Commercio al dettaglio di libri,47.6,47.6 Retail sale of cultural and recreational goods,47.6 Commercio al dettaglio di articoli culturali e ricreativi,47,47 Retail trade,47 Commercio al dettaglio,G,G WHOLESALE AND RETAIL TRADE,G COMMERCIO ALL’INGROSSO E AL DETTAGLIO
47.62,"47.62 Retail sale of newspapers, and other periodical publications and stationery","47.62 Commercio al dettaglio di giornali, altre pubblicazioni periodiche e articoli di cancelleria",47.6,47.6 Retail sale of cultural and recreational goods,47.6 Commercio al dettaglio di articoli culturali e ricreativi,47,47 Retail trade,47 Commercio al dettaglio,G,G WHOLESALE AND RETAIL TRADE,G COMMERCIO ALL’INGROSSO E AL DETTAGLIO
47.63,47.63 Retail sale of sporting equipment,47.63 Commercio al dettaglio di attrezzature sportive,47.6,47.6 Retail sale of cultural and recreational goods,47.6 Commercio al dettaglio di articoli culturali e ricreativi,47,47 Retail trade,47 Commercio al dettaglio,G,G WHOLESALE AND RETAIL TRADE,G COMMERCIO ALL’INGROSSO E AL DETTAGLIO
47.64,47.64 Retail sale of games and toys,47.64 Commercio al dettaglio di giochi e giocattoli,47.6,47.6 Retail sale of cultural and recreational goods,47.6 Commercio al dettaglio di articoli culturali e ricreativi,47,47 Retail trade,47 Commercio al dettaglio,G,G WHOLESALE AND RETAIL TRADE,G COMMERCIO ALL’INGROSSO E AL DETTAGLIO
47.69,47.69 Retail sale of cultural and recreational goods n.e.c.,47.69 Commercio al dettaglio di articoli culturali e ricreativi n.c.a.,47.6,47.6 Retail sale of cultural and recreational goods,47.6 Commercio al dettaglio di articoli culturali e ricreativi,47,47 Retail trade,47 Commercio al dettaglio,G,G WHOLESALE AND RETAIL TRADE,G COMMERCIO ALL’INGROSSO E AL DETTAGLIO
47.71,47.71 Retail sale of clothing,47.71 Commercio al dettaglio di articoli di abbigliamento,47.7,"47.7 Retail sale of other goods, except motor vehicles and motorcycles","47.7 Commercio al dettaglio di altri prodotti, esclusi autoveicoli e motocicli",47,47 Retail trade,47 Commercio al dettaglio,G,G WHOLESALE AND RETAIL TRADE,G COMMERCIO ALL’INGROSSO E AL DETTAGLIO
47.72,47.72 Retail sale of footwear and leather goods,47.72 Commercio al dettaglio di calzature e articoli in pelle,47.7,"47.7 Retail sale of other goods, except motor vehicles and motorcycles","47.7 Commercio al dettaglio di altri prodotti, esclusi autoveicoli e motocicli",47,47 Retail trade,47 Commercio al dettaglio,G,G WHOLESALE AND RETAIL TRADE,G COMMERCIO ALL’INGROSSO E AL DETTAGLIO
47.73,47.73 Retail sale of pharmaceutical products,47.73 Commercio al dettaglio di prodotti farmaceutici,47.7,"47.7 Retail sale of other goods, except motor vehicles and motorcycles","47.7 Commercio al dettaglio di altri prodotti, esclusi autoveicoli e motocicli",47,47 Retail trade,47 Commercio al dettaglio,G,G WHOLESALE AND RETAIL TRADE,G COMMERCIO ALL’INGROSSO E AL DETTAGLIO
47.74,47.74 Retail sale of medical and orthopaedic goods,47.74 Commercio al dettaglio di articoli medicali e ortopedici,47.7,"47.7 Retail sale of other goods, except motor vehicles and motorcycles","47.7 Commercio al dettaglio di altri prodotti, esclusi autoveicoli e motocicli",47,47 Retail trade,47 Commercio al dettaglio,G,G WHOLESALE AND RETAIL TRADE,G COMMERCIO ALL’INGROSSO E AL DETTAGLIO
47.75,47.75 Retail sale of cosmetic and toilet articles,47.75 Commercio al dettaglio di cosmetici e di articoli di profumeria,47.7,"47.7 Retail sale of other goods, except motor vehicles and motorcycles","47.7 Commercio al dettaglio di altri prodotti, esclusi autoveicoli e motocicli",47,47 Retail trade,47 Commercio al dettaglio,G,G WHOLESALE AND RETAIL TRADE,G COMMERCIO ALL’INGROSSO E AL DETTAGLIO
47.76,"47.76 Retail sale of flowers, plants, fertilisers, pets and pet food","47.76 Commercio al dettaglio di fiori, piante, fertilizzanti, animali da compagnia e alimenti per animali da compagnia",47.7,"47.7 Retail sale of other goods, except motor vehicles and motorcycles","47.7 Commercio al dettaglio di altri prodotti, esclusi autoveicoli e motocicli",47,47 Retail trade,47 Commercio al dettaglio,G,G WHOLESALE AND RETAIL TRADE,G COMMERCIO ALL’INGROSSO E AL DETTAGLIO
47.77,47.77 Retail sale of watches and jewellery,47.77 Commercio al dettaglio di orologi e articoli di gioielleria,47.7,"47.7 Retail sale of other goods, except motor vehicles and motorcycles","47.7 Commercio al dettaglio di altri prodotti, esclusi autoveicoli e motocicli",47,47 Retail trade,47 Commercio al dettaglio,G,G WHOLESALE AND RETAIL TRADE,G COMMERCIO ALL’INGROSSO E AL DETTAGLIO
47.78,47.78 Retail sale of other new goods,47.78 Commercio al dettaglio di altri prodotti non di seconda mano,47.7,"47.7 Retail sale of other goods, except motor vehicles and motorcycles","47.7 Commercio al dettaglio di altri prodotti, esclusi autoveicoli e motocicli",47,47 Retail trade,47 Commercio al dettaglio,G,G WHOLESALE AND RETAIL TRADE,G COMMERCIO ALL’INGROSSO E AL DETTAGLIO
47.79,47.79 Retail sale of second-hand goods,47.79 Commercio al dettaglio di articoli di seconda mano,47.7,"47.7 Retail sale of other goods, except motor vehicles and motorcycles","47.7 Commercio al dettaglio di altri prodotti, esclusi autoveicoli e motocicli",47,47 Retail trade,47 Commercio al dettaglio,G,G WHOLESALE AND RETAIL TRADE,G COMMERCIO ALL’INGROSSO E AL DETTAGLIO
47.81,47.81 Retail sale of motor vehicles,47.81 Commercio al dettaglio di autoveicoli,47.8,"47.8 Retail sale of motor vehicles, motorcycles and related parts and accessories","47.8 Commercio al dettaglio di autoveicoli, motocicli e relative parti e accessori",47,47 Retail trade,47 Commercio al dettaglio,G,G WHOLESALE AND RETAIL TRADE,G COMMERCIO ALL’INGROSSO E AL DETTAGLIO
47.82,47.82 Retail sale of motor vehicle parts and accessories,47.82 Commercio al dettaglio di parti e accessori di autoveicoli,47.8,"47.8 Retail sale of motor vehicles, motorcycles and related parts and accessories","47.8 Commercio al dettaglio di autoveicoli, motocicli e relative parti e accessori",47,47 Retail trade,47 Commercio al dettaglio,G,G WHOLESALE AND RETAIL TRADE,G COMMERCIO ALL’INGROSSO E AL DETTAGLIO
47.83,"47.83 Retail sale of motorcycles, motorcycle parts and accessories","47.83 Commercio al dettaglio di motocicli, parti e accessori di motocicli",47.8,"47.8 Retail sale of motor vehicles, motorcycles and related parts and accessories","47.8 Commercio al dettaglio di autoveicoli, motocicli e relative parti e accessori",47,47 Retail trade,47 Commercio al dettaglio,G,G WHOLESALE AND RETAIL TRADE,G COMMERCIO ALL’INGROSSO E AL DETTAGLIO
47.91,47.91 Intermediation service activities for non-specialised retail sale,47.91 Attività di servizi di intermediazione per il commercio al dettaglio non specializzato,47.9,47.9 Intermediation service activities for retail sale,47.9 Attività di servizi di intermediazione per il commercio al dettaglio,47,47 Retail trade,47 Commercio al dettaglio,G,G WHOLESALE AND RETAIL TRADE,G COMMERCIO ALL’INGROSSO E AL DETTAGLIO
47.92,47.92 Intermediation service activities for specialised retail sale,47.92 Attività di servizi di intermediazione per il commercio al dettaglio specializzato,47.9,47.9 Intermediation service activities for retail sale,47.9 Attività di servizi di intermediazione per il commercio al dettaglio,47,47 Retail trade,47 Commercio al dettaglio,G,G WHOLESALE AND RETAIL TRADE,G COMMERCIO ALL’INGROSSO E AL DETTAGLIO
49.11,49.11 Passenger heavy rail transport,49.11 Trasporto di passeggeri su ferrovia pesante,49.1,49.1 Passenger rail transport,49.1 Trasporto ferroviario di passeggeri,49,49 Land transport and transport via pipelines,49 Trasporto terrestre e trasporto mediante condotte,H,H TRANSPORTATION AND STORAGE,H TRASPORTO E MAGAZZINAGGIO
49.12,49.12 Other passenger rail transport,49.12 Altri trasporti ferroviari di passeggeri,49.1,49.1 Passenger rail transport,49.1 Trasporto ferroviario di passeggeri,49,49 Land transport and transport via pipelines,49 Trasporto terrestre e trasporto mediante condotte,H,H TRANSPORTATION AND STORAGE,H TRASPORTO E MAGAZZINAGGIO
49.20,49.20 Freight rail transport,49.20 Trasporto ferroviario di merci,49.2,49.2 Freight rail transport,49.2 Trasporto ferroviario di merci,49,49 Land transport and transport via pipelines,49 Trasporto terrestre e trasporto mediante condotte,H,H TRANSPORTATION AND STORAGE,H TRASPORTO E MAGAZZINAGGIO
49.31,49.31 Scheduled passenger transport by road,49.31 Trasporto di linea di passeggeri su strada,49.3,49.3 Other passenger land transport,49.3 Altri trasporti terrestri di passeggeri,49,49 Land transport and transport via pipelines,49 Trasporto terrestre e trasporto mediante condotte,H,H TRANSPORTATION AND STORAGE,H TRASPORTO E MAGAZZINAGGIO
49.32,49.32 Non-scheduled passenger transport by road,49.32 Trasporto non di linea di passeggeri su strada,49.3,49.3 Other passenger land transport,49.3 Altri trasporti terrestri di passeggeri,49,49 Land transport and transport via pipelines,49 Trasporto terrestre e trasporto mediante condotte,H,H TRANSPORTATION AND STORAGE,H TRASPORTO E MAGAZZINAGGIO
49.33,49.33 On-demand passenger transport service activities by vehicle with driver,49.33 Trasporto di passeggeri a richiesta su veicoli con conducente,49.3,49.3 Other passenger land transport,49.3 Altri trasporti terrestri di passeggeri,49,49 Land transport and transport via pipelines,49 Trasporto terrestre e trasporto mediante condotte,H,H TRANSPORTATION AND STORAGE,H TRASPORTO E MAGAZZINAGGIO
49.34,49.34 Passenger transport by cableways and ski lifts,49.34 Trasporto di passeggeri mediante funivie e sciovie,49.3,49.3 Other passenger land transport,49.3 Altri trasporti terrestri di passeggeri,49,49 Land transport and transport via pipelines,49 Trasporto terrestre e trasporto mediante condotte,H,H TRANSPORTATION AND STORAGE,H TRASPORTO E MAGAZZINAGGIO
49.39,49.39 Other passenger land transport n.e.c.,49.39 Altri trasporti terrestri di passeggeri n.c.a.,49.3,49.3 Other passenger land transport,49.3 Altri trasporti terrestri di passeggeri,49,49 Land transport and transport via pipelines,49 Trasporto terrestre e trasporto mediante condotte,H,H TRANSPORTATION AND STORAGE,H TRASPORTO E MAGAZZINAGGIO
49.41,49.41 Freight transport by road,49.41 Trasporto di merci su strada,49.4,49.4 Freight transport by road and removal services,49.4 Trasporto di merci su strada e servizi di trasloco,49,49 Land transport and transport via pipelines,49 Trasporto terrestre e trasporto mediante condotte,H,H TRANSPORTATION AND STORAGE,H TRASPORTO E MAGAZZINAGGIO
49.42,49.42 Removal services,49.42 Servizi di trasloco,49.4,49.4 Freight transport by road and removal services,49.4 Trasporto di merci su strada e servizi di trasloco,49,49 Land transport and transport via pipelines,49 Trasporto terrestre e trasporto mediante condotte,H,H TRANSPORTATION AND STORAGE,H TRASPORTO E MAGAZZINAGGIO
49.50,49.50 Transport via pipeline,49.50 Trasporto mediante condotte,49.5,49.5 Transport via pipeline,49.5 Trasporto mediante condotte,49,49 Land transport and transport via pipelines,49 Trasporto terrestre e trasporto mediante condotte,H,H TRANSPORTATION AND STORAGE,H TRASPORTO E MAGAZZINAGGIO
50.10,50.10 Sea and coastal passenger water transport,50.10 Trasporto marittimo e costiero di passeggeri,50.1,50.1 Sea and coastal passenger water transport,50.1 Trasporto marittimo e costiero di passeggeri,50,50 Water transport,50 Trasporto marittimo e per vie d’acqua interne,H,H TRANSPORTATION AND STORAGE,H TRASPORTO E MAGAZZINAGGIO
50.20,50.20 Sea and coastal freight water transport,50.20 Trasporto marittimo e costiero di merci,50.2,50.2 Sea and coastal freight water transport,50.2 Trasporto marittimo e costiero di merci,50,50 Water transport,50 Trasporto marittimo e per vie d’acqua interne,H,H TRANSPORTATION AND STORAGE,H TRASPORTO E MAGAZZINAGGIO
50.30,50.30 Inland passenger water transport,50.30 Trasporto per vie d’acqua interne di passeggeri,50.3,50.3 Inland passenger water transport,50.3 Trasporto per vie d’acqua interne di passeggeri,50,50 Water transport,50 Trasporto marittimo e per vie d’acqua interne,H,H TRANSPORTATION AND STORAGE,H TRASPORTO E MAGAZZINAGGIO
50.40,50.40 Inland freight water transport,50.40 Trasporto per vie d’acqua interne di merci,50.4,50.4 Inland freight water transport,50.4 Trasporto per vie d’acqua interne di merci,50,50 Water transport,50 Trasporto marittimo e per vie d’acqua interne,H,H TRANSPORTATION AND STORAGE,H TRASPORTO E MAGAZZINAGGIO
51.10,51.10 Passenger air transport,51.10 Trasporto aereo di passeggeri,51.1,51.1 Passenger air transport,51.1 Trasporto aereo di passeggeri,51,51 Air transport,51 Trasporto aereo,H,H TRANSPORTATION AND STORAGE,H TRASPORTO E MAGAZZINAGGIO
51.21,51.21 Freight air transport,51.21 Trasporto aereo di merci,51.2,51.2 Freight air transport and space transport,51.2 Trasporto aereo di merci e trasporto spaziale,51,51 Air transport,51 Trasporto aereo,H,H TRANSPORTATION AND STORAGE,H TRASPORTO E MAGAZZINAGGIO
51.22,51.22 Space transport,51.22 Trasporto spaziale,51.2,51.2 Freight air transport and space transport,51.2 Trasporto aereo di merci e trasporto spaziale,51,51 Air transport,51 Trasporto aereo,H,H TRANSPORTATION AND STORAGE,H TRASPORTO E MAGAZZINAGGIO
52.10,52.10 Warehousing and storage,52.10 Magazzinaggio e deposito,52.1,52.1 Warehousing and storage,52.1 Magazzinaggio e deposito,52,"52 Warehousing, storage and support activities for transportation","52 Magazzinaggio, deposito e attività di supporto ai trasporti",H,H TRANSPORTATION AND STORAGE,H TRASPORTO E MAGAZZINAGGIO
52.21,52.21 Service activities incidental to land transportation,52.21 Servizi di supporto al trasporto terrestre,52.2,52.2 Support activities for transportation,52.2 Attività di supporto ai trasporti,52,"52 Warehousing, storage and support activities for transportation","52 Magazzinaggio, deposito e attività di supporto ai trasporti",H,H TRANSPORTATION AND STORAGE,H TRASPORTO E MAGAZZINAGGIO
52.22,52.22 Service activities incidental to water transportation,52.22 Servizi di supporto al trasporto marittimo e per vie d’acqua interne,52.2,52.2 Support activities for transportation,52.2 Attività di supporto ai trasporti,52,"52 Warehousing, storage and support activities for transportation","52 Magazzinaggio, deposito e attività di supporto ai trasporti",H,H TRANSPORTATION AND STORAGE,H TRASPORTO E MAGAZZINAGGIO
52.23,52.23 Service activities incidental to air transportation,52.23 Servizi di supporto al trasporto aereo,52.2,52.2 Support activities for transportation,52.2 Attività di supporto ai trasporti,52,"52 Warehousing, storage and support activities for transportation","52 Magazzinaggio, deposito e attività di supporto ai trasporti",H,H TRANSPORTATION AND STORAGE,H TRASPORTO E MAGAZZINAGGIO
52.24,52.24 Cargo handling,52.24 Movimentazione merci,52.2,52.2 Support activities for transportation,52.2 Attività di supporto ai trasporti,52,"52 Warehousing, storage and support activities for transportation","52 Magazzinaggio, deposito e attività di supporto ai trasporti",H,H TRANSPORTATION AND STORAGE,H TRASPORTO E MAGAZZINAGGIO
52.25,52.25 Logistics service activities,52.25 Servizi di logistica,52.2,52.2 Support activities for transportation,52.2 Attività di supporto ai trasporti,52,"52 Warehousing, storage and support activities for transportation","52 Magazzinaggio, deposito e attività di supporto ai trasporti",H,H TRANSPORTATION AND STORAGE,H TRASPORTO E MAGAZZINAGGIO
52.26,52.26 Other support activities for transportation,52.26 Altre attività di supporto ai trasporti,52.2,52.2 Support activities for transportation,52.2 Attività di supporto ai trasporti,52,"52 Warehousing, storage and support activities for transportation","52 Magazzinaggio, deposito e attività di supporto ai trasporti",H,H TRANSPORTATION AND STORAGE,H TRASPORTO E MAGAZZINAGGIO
52.31,52.31 Intermediation service activities for freight transportation,52.31 Attività di servizi di intermediazione per il trasporto di merci,52.3,52.3 Intermediation service activities for transportation,52.3 Attività di servizi di intermediazione per il trasporto,52,"52 Warehousing, storage and support activities for transportation","52 Magazzinaggio, deposito e attività di supporto ai trasporti",H,H TRANSPORTATION AND STORAGE,H TRASPORTO E MAGAZZINAGGIO
52.32,52.32 Intermediation service activities for passenger transportation,52.32 Attività di servizi di intermediazione per il trasporto di passeggeri,52.3,52.3 Intermediation service activities for transportation,52.3 Attività di servizi di intermediazione per il trasporto,52,"52 Warehousing, storage and support activities for transportation","52 Magazzinaggio, deposito e attività di supporto ai trasporti",H,H TRANSPORTATION AND STORAGE,H TRASPORTO E MAGAZZINAGGIO
53.10,53.10 Postal activities under universal service obligation,53.10 Attività postali con obbligo di servizio universale,53.1,53.1 Postal activities under universal service obligation,53.1 Attività postali con obbligo di servizio universale,53,53 Postal and courier activities,53 Attività postali e di corriere,H,H TRANSPORTATION AND STORAGE,H TRASPORTO E MAGAZZINAGGIO
53.20,53.20 Other postal and courier activities,53.20 Altre attività postali e di corriere,53.2,53.2 Other postal and courier activities,53.2 Altre attività postali e di corriere,53,53 Postal and courier activities,53 Attività postali e di corriere,H,H TRANSPORTATION AND STORAGE,H TRASPORTO E MAGAZZINAGGIO
53.30,53.30 Intermediation service activities for postal and courier activities,53.30 Attività di servizi di intermediazione per attività postali e di corriere,53.3,53.3 Intermediation service activities for postal and courier activities,53.3 Attività di servizi di intermediazione per attività postali e di corriere,53,53 Postal and courier activities,53 Attività postali e di corriere,H,H TRANSPORTATION AND STORAGE,H TRASPORTO E MAGAZZINAGGIO
55.10,55.10 Hotels and similar accommodation,55.10 Servizi di alloggio di alberghi e simili,55.1,55.1 Hotels and similar accommodation,55.1 Servizi di alloggio di alberghi e simili,55,55 Accommodation,55 Servizi di alloggio,I,I ACCOMMODATION AND FOOD SERVICE ACTIVITIES,I ATTIVITÀ DEI SERVIZI DI ALLOGGIO E DI RISTORAZIONE
55.20,55.20 Holiday and other short-stay accommodation,55.20 Servizi di alloggio per vacanze e altri soggiorni di breve durata,55.2,55.2 Holiday and other short-stay accommodation,55.2 Servizi di alloggio per vacanze e altri soggiorni di breve durata,55,55 Accommodation,55 Servizi di alloggio,I,I ACCOMMODATION AND FOOD SERVICE ACTIVITIES,I ATTIVITÀ DEI SERVIZI DI ALLOGGIO E DI RISTORAZIONE
55.30,55.30 Camping grounds and recreational vehicle parks,55.30 Servizi di aree di campeggio e aree attrezzate per veicoli ricreazionali,55.3,55.3 Camping grounds and recreational vehicle parks,55.3 Servizi di aree di campeggio e aree attrezzate per veicoli ricreazionali,55,55 Accommodation,55 Servizi di alloggio,I,I ACCOMMODATION AND FOOD SERVICE ACTIVITIES,I ATTIVITÀ DEI SERVIZI DI ALLOGGIO E DI RISTORAZIONE
55.40,55.40 Intermediation service activities for accommodation,55.40 Attività di servizi di intermediazione per servizi di alloggio,55.4,55.4 Intermediation service activities for accommodation,55.4 Attività di servizi di intermediazione per servizi di alloggio,55,55 Accommodation,55 Servizi di alloggio,I,I ACCOMMODATION AND FOOD SERVICE ACTIVITIES,I ATTIVITÀ DEI SERVIZI DI ALLOGGIO E DI RISTORAZIONE
55.90,55.90 Other accommodation,55.90 Altri servizi di alloggio,55.9,55.9 Other accommodation,55.9 Altri servizi di alloggio,55,55 Accommodation,55 Servizi di alloggio,I,I ACCOMMODATION AND FOOD SERVICE ACTIVITIES,I ATTIVITÀ DEI SERVIZI DI ALLOGGIO E DI RISTORAZIONE
56.11,56.11 Restaurant activities,56.11 Attività di ristoranti,56.1,56.1 Restaurants and mobile food service activities,56.1 Attività di ristoranti e di servizi di ristorazione mobile,56,56 Food and beverage service activities,56 Attività di servizi di ristorazione,I,I ACCOMMODATION AND FOOD SERVICE ACTIVITIES,I ATTIVITÀ DEI SERVIZI DI ALLOGGIO E DI RISTORAZIONE
56.12,56.12 Mobile food service activities,56.12 Attività di servizi di ristorazione mobile,56.1,56.1 Restaurants and mobile food service activities,56.1 Attività di ristoranti e di servizi di ristorazione mobile,56,56 Food and beverage service activities,56 Attività di servizi di ristorazione,I,I ACCOMMODATION AND FOOD SERVICE ACTIVITIES,I ATTIVITÀ DEI SERVIZI DI ALLOGGIO E DI RISTORAZIONE
56.21,56.21 Event catering activities,56.21 Attività di catering per eventi,56.2,"56.2 Event catering, contract catering service activities and other food service activities","56.2 Attività di servizi di catering per eventi, catering su base contrattuale e altri servizi di ristorazione",56,56 Food and beverage service activities,56 Attività di servizi di ristorazione,I,I ACCOMMODATION AND FOOD SERVICE ACTIVITIES,I ATTIVITÀ DEI SERVIZI DI ALLOGGIO E DI RISTORAZIONE
56.22,56.22 Contract catering service activities and other food service activities,56.22 Attività di servizi di catering su base contrattuale e altri servizi di ristorazione,56.2,"56.2 Event catering, contract catering service activities and other food service activities","56.2 Attività di servizi di catering per eventi, catering su base contrattuale e altri servizi di ristorazione",56,56 Food and beverage service activities,56 Attività di servizi di ristorazione,I,I ACCOMMODATION AND FOOD SERVICE ACTIVITIES,I ATTIVITÀ DEI SERVIZI DI ALLOGGIO E DI RISTORAZIONE
56.30,56.30 Beverage serving activities,56.30 Attività di somministrazione di bevande,56.3,56.3 Beverage serving activities,56.3 Attività di somministrazione di bevande,56,56 Food and beverage service activities,56 Attività di servizi di ristorazione,I,I ACCOMMODATION AND FOOD SERVICE ACTIVITIES,I ATTIVITÀ DEI SERVIZI DI ALLOGGIO E DI RISTORAZIONE
56.40,56.40 Intermediation service activities for food and beverage services activities,56.40 Attività di servizi di intermediazione per servizi di ristorazione,56.4,56.4 Intermediation service activities for food and beverage services activities,56.4 Attività di servizi di intermediazione per servizi di ristorazione,56,56 Food and beverage service activities,56 Attività di servizi di ristorazione,I,I ACCOMMODATION AND FOOD SERVICE ACTIVITIES,I ATTIVITÀ DEI SERVIZI DI ALLOGGIO E DI RISTORAZIONE
58.11,58.11 Publishing of books,58.11 Edizione di libri,58.1,"58.1 Publishing of books, newspapers and other publishing activities, except software publishing","58.1 Edizione di libri, quotidiani e altre attività editoriali, esclusa l’edizione di software",58,58 Publishing activities,58 Attività editoriali,J,"J PUBLISHING, BROADCASTING, AND CONTENT PRODUCTION AND DISTRIBUTION ACTIVITIES","J ATTIVITÀ EDITORIALI, TRASMISSIONI RADIOFONICHE E PRODUZIONE E DISTRIBUZIONE DI CONTENUTI"
58.12,58.12 Publishing of newspapers,58.12 Edizione di quotidiani,58.1,"58.1 Publishing of books, newspapers and other publishing activities, except software publishing","58.1 Edizione di libri, quotidiani e altre attività editoriali, esclusa l’edizione di software",58,58 Publishing activities,58 Attività editoriali,J,"J PUBLISHING, BROADCASTING, AND CONTENT PRODUCTION AND DISTRIBUTION ACTIVITIES","J ATTIVITÀ EDITORIALI, TRASMISSIONI RADIOFONICHE E PRODUZIONE E DISTRIBUZIONE DI CONTENUTI"
58.13,58.13 Publishing of journals and periodicals,58.13 Edizione di riviste e periodici,58.1,"58.1 Publishing of books, newspapers and other publishing activities, except software publishing","58.1 Edizione di libri, quotidiani e altre attività editoriali, esclusa l’edizione di software",58,58 Publishing activities,58 Attività editoriali,J,"J PUBLISHING, BROADCASTING, AND CONTENT PRODUCTION AND DISTRIBUTION ACTIVITIES","J ATTIVITÀ EDITORIALI, TRASMISSIONI RADIOFONICHE E PRODUZIONE E DISTRIBUZIONE DI CONTENUTI"
58.19,"58.19 Other publishing activities, except software publishing","58.19 Altre attività editoriali, esclusa l’edizione di software",58.1,"58.1 Publishing of books, newspapers and other publishing activities, except software publishing","58.1 Edizione di libri, quotidiani e altre attività editoriali, esclusa l’edizione di software",58,58 Publishing activities,58 Attività editoriali,J,"J PUBLISHING, BROADCASTING, AND CONTENT PRODUCTION AND DISTRIBUTION ACTIVITIES","J ATTIVITÀ EDITORIALI, TRASMISSIONI RADIOFONICHE E PRODUZIONE E DISTRIBUZIONE DI CONTENUTI"
58.21,58.21 Publishing of video games,58.21 Edizione di videogiochi,58.2,58.2 Software publishing,58.2 Edizione di software,58,58 Publishing activities,58 Attività editoriali,J,"J PUBLISHING, BROADCASTING, AND CONTENT PRODUCTION AND DISTRIBUTION ACTIVITIES","J ATTIVITÀ EDITORIALI, TRASMISSIONI RADIOFONICHE E PRODUZIONE E DISTRIBUZIONE DI CONTENUTI"
58.29,58.29 Other software publishing,58.29 Edizione di altri software,58.2,58.2 Software publishing,58.2 Edizione di software,58,58 Publishing activities,58 Attività editoriali,J,"J PUBLISHING, BROADCASTING, AND CONTENT PRODUCTION AND DISTRIBUTION ACTIVITIES","J ATTIVITÀ EDITORIALI, TRASMISSIONI RADIOFONICHE E PRODUZIONE E DISTRIBUZIONE DI CONTENUTI"
59.11,"59.11 Motion picture, video and television programme production activities","59.11 Attività di produzione cinematografica, di video e programmi televisivi",59.1,"59.1 Motion picture, video and television programme activities","59.1 Attività di produzione, post-produzione e distribuzione cinematografica, di video e programmi televisivi",59,"59 Motion picture, video and television programme production, sound recording and music publishing activities","59 Attività di produzione, post-produzione e distribuzione cinematografica, di video e programmi televisivi, di registrazioni musicali e sonore",J,"J PUBLISHING, BROADCASTING, AND CONTENT PRODUCTION AND DISTRIBUTION ACTIVITIES","J ATTIVITÀ EDITORIALI, TRASMISSIONI RADIOFONICHE E PRODUZIONE E DISTRIBUZIONE DI CONTENUTI"
59.12,"59.12 Motion picture, video and television programme post-production activities","59.12 Attività di post-produzione cinematografica, di video e programmi televisivi",59.1,"59.1 Motion picture, video and television programme activities","59.1 Attività di produzione, post-produzione e distribuzione cinematografica, di video e programmi televisivi",59,"59 Motion picture, video and television programme production, sound recording and music publishing activities","59 Attività di produzione, post-produzione e distribuzione cinematografica, di video e programmi televisivi, di registrazioni musicali e sonore",J,"J PUBLISHING, BROADCASTING, AND CONTENT PRODUCTION AND DISTRIBUTION ACTIVITIES","J ATTIVITÀ EDITORIALI, TRASMISSIONI RADIOFONICHE E PRODUZIONE E DISTRIBUZIONE DI CONTENUTI"
59.13,59.13 Motion picture and video distribution activities,"59.13 Attività di distribuzione cinematografica, di video e programmi televisivi",59.1,"59.1 Motion picture, video and television programme activities","59.1 Attività di produzione, post-produzione e distribuzione cinematografica, di video e programmi televisivi",59,"59 Motion picture, video and television programme production, sound recording and music publishing activities","59 Attività di produzione, post-produzione e distribuzione cinematografica, di video e programmi televisivi, di registrazioni musicali e sonore",J,"J PUBLISHING, BROADCASTING, AND CONTENT PRODUCTION AND DISTRIBUTION ACTIVITIES","J ATTIVITÀ EDITORIALI, TRASMISSIONI RADIOFONICHE E PRODUZIONE E DISTRIBUZIONE DI CONTENUTI"
59.14,59.14 Motion picture projection activities,59.14 Attività di proiezione cinematografica,59.1,"59.1 Motion picture, video and television programme activities","59.1 Attività di produzione, post-produzione e distribuzione cinematografica, di video e programmi televisivi",59,"59 Motion picture, video and television programme production, sound recording and music publishing activities","59 Attività di produzione, post-produzione e distribuzione cinematografica, di video e programmi televisivi, di registrazioni musicali e sonore",J,"J PUBLISHING, BROADCASTING, AND CONTENT PRODUCTION AND DISTRIBUTION ACTIVITIES","J ATTIVITÀ EDITORIALI, TRASMISSIONI RADIOFONICHE E PRODUZIONE E DISTRIBUZIONE DI CONTENUTI"
59.20,59.20 Sound recording and music publishing activities,59.20 Attività di registrazione sonora e dell’editoria musicale,59.2,59.2 Sound recording and music publishing activities,59.2 Attività di registrazione sonora e dell’editoria musicale,59,"59 Motion picture, video and television programme production, sound recording and music publishing activities","59 Attività di produzione, post-produzione e distribuzione cinematografica, di video e programmi televisivi, di registrazioni musicali e sonore",J,"J PUBLISHING, BROADCASTING, AND CONTENT PRODUCTION AND DISTRIBUTION ACTIVITIES","J ATTIVITÀ EDITORIALI, TRASMISSIONI RADIOFONICHE E PRODUZIONE E DISTRIBUZIONE DI CONTENUTI"
60.10,60.10 Radio broadcasting and audio distribution activities,60.10 Attività di trasmissione radiofonica e distribuzione di audio,60.1,60.1 Radio broadcasting and audio distribution activities,60.1 Attività di trasmissione radiofonica e distribuzione di audio,60,"60 Programming, broadcasting, news agency and other content distribution activities","60 Attività di programmazione, trasmissione, agenzie di stampa e altre attività di distribuzione di contenuti",J,"J PUBLISHING, BROADCASTING, AND CONTENT PRODUCTION AND DISTRIBUTION ACTIVITIES","J ATTIVITÀ EDITORIALI, TRASMISSIONI RADIOFONICHE E PRODUZIONE E DISTRIBUZIONE DI CONTENUTI"
60.20,"60.20 Television programming, broadcasting and video distribution activities",60.20 Attività di programmazione e trasmissione televisive e di distribuzione di video,60.2,"60.2 Television programming, broadcasting and video distribution activities",60.2 Attività di programmazione e trasmissione televisive e di distribuzione di video,60,"60 Programming, broadcasting, news agency and other content distribution activities","60 Attività di programmazione, trasmissione, agenzie di stampa e altre attività di distribuzione di contenuti",J,"J PUBLISHING, BROADCASTING, AND CONTENT PRODUCTION AND DISTRIBUTION ACTIVITIES","J ATTIVITÀ EDITORIALI, TRASMISSIONI RADIOFONICHE E PRODUZIONE E DISTRIBUZIONE DI CONTENUTI"
60.31,60.31 News agency activities,60.31 Attività delle agenzie di stampa,60.3,60.3 News agency and other content distribution activities,60.3 Attività delle agenzie di stampa e altre attività di distribuzione di contenuti,60,"60 Programming, broadcasting, news agency and other content distribution activities","60 Attività di programmazione, trasmissione, agenzie di stampa e altre attività di distribuzione di contenuti",J,"J PUBLISHING, BROADCASTING, AND CONTENT PRODUCTION AND DISTRIBUTION ACTIVITIES","J ATTIVITÀ EDITORIALI, TRASMISSIONI RADIOFONICHE E PRODUZIONE E DISTRIBUZIONE DI CONTENUTI"
60.39,60.39 Other content distribution activities,60.39 Altre attività di distribuzione di contenuti,60.3,60.3 News agency and other content distribution activities,60.3 Attività delle agenzie di stampa e altre attività di distribuzione di contenuti,60,"60 Programming, broadcasting, news agency and other content distribution activities","60 Attività di programmazione, trasmissione, agenzie di stampa e altre attività di distribuzione di contenuti",J,"J PUBLISHING, BROADCASTING, AND CONTENT PRODUCTION AND DISTRIBUTION ACTIVITIES","J ATTIVITÀ EDITORIALI, TRASMISSIONI RADIOFONICHE E PRODUZIONE E DISTRIBUZIONE DI CONTENUTI"
61.10,"61.10 Wired, wireless, and satellite telecommunication activities","61.10 Attività di telecomunicazioni fisse, mobili e satellitari",61.1,"61.1 Wired, wireless, and satellite telecommunication activities","61.1 Attività di telecomunicazioni fisse, mobili e satellitari",61,61 Telecommunication,61 Telecomunicazioni,K,"K TELECOMMUNICATION, COMPUTER PROGRAMMING, CONSULTING, COMPUTING INFRASTRUCTURE AND OTHER INFORMATION SERVICE ACTIVITIES","K TELECOMUNICAZIONI, PROGRAMMAZIONE E CONSULENZA INFORMATICA, INFRASTRUTTURE INFORMATICHE E ALTRE ATTIVITÀ DEI SERVIZI D’INFORMAZIONE"
61.20,61.20 Telecommunication reselling activities and intermediation service activities for telecommunication,61.20 Attività di rivendita di telecomunicazioni e attività di servizi di intermediazione per telecomunicazioni,61.2,61.2 Telecommunication reselling activities and intermediation service activities for telecommunication,61.2 Attività di rivendita di telecomunicazioni e attività di servizi di intermediazione per telecomunicazioni,61,61 Telecommunication,61 Telecomunicazioni,K,"K TELECOMMUNICATION, COMPUTER PROGRAMMING, CONSULTING, COMPUTING INFRASTRUCTURE AND OTHER INFORMATION SERVICE ACTIVITIES","K TELECOMUNICAZIONI, PROGRAMMAZIONE E CONSULENZA INFORMATICA, INFRASTRUTTURE INFORMATICHE E ALTRE ATTIVITÀ DEI SERVIZI D’INFORMAZIONE"
61.90,61.90 Other telecommunication activities,61.90 Altre attività di telecomunicazioni,61.9,61.9 Other telecommunication activities,61.9 Altre attività di telecomunicazioni,61,61 Telecommunication,61 Telecomunicazioni,K,"K TELECOMMUNICATION, COMPUTER PROGRAMMING, CONSULTING, COMPUTING INFRASTRUCTURE AND OTHER INFORMATION SERVICE ACTIVITIES","K TELECOMUNICAZIONI, PROGRAMMAZIONE E CONSULENZA INFORMATICA, INFRASTRUTTURE INFORMATICHE E ALTRE ATTIVITÀ DEI SERVIZI D’INFORMAZIONE"
62.10,62.10 Computer programming activities,62.10 Attività di programmazione informatica,62.1,62.1 Computer programming activities,62.1 Attività di programmazione informatica,62,"62 Computer programming, consultancy and related activities","62 Attività di programmazione, consulenza informatica e attività connesse",K,"K TELECOMMUNICATION, COMPUTER PROGRAMMING, CONSULTING, COMPUTING INFRASTRUCTURE AND OTHER INFORMATION SERVICE ACTIVITIES","K TELECOMUNICAZIONI, PROGRAMMAZIONE E CONSULENZA INFORMATICA, INFRASTRUTTURE INFORMATICHE E ALTRE ATTIVITÀ DEI SERVIZI D’INFORMAZIONE"
62.20,62.20 Computer consultancy and computer facilities management activities,62.20 Attività di consulenza informatica e di gestione di strutture informatiche,62.2,62.2 Computer consultancy and computer facilities management activities,62.2 Attività di consulenza informatica e di gestione di strutture informatiche,62,"62 Computer programming, consultancy and related activities","62 Attività di programmazione, consulenza informatica e attività connesse",K,"K TELECOMMUNICATION, COMPUTER PROGRAMMING, CONSULTING, COMPUTING INFRASTRUCTURE AND OTHER INFORMATION SERVICE ACTIVITIES","K TELECOMUNICAZIONI, PROGRAMMAZIONE E CONSULENZA INFORMATICA, INFRASTRUTTURE INFORMATICHE E ALTRE ATTIVITÀ DEI SERVIZI D’INFORMAZIONE"
62.90,62.90 Other information technology and computer service activities,62.90 Altre attività dei servizi connessi alle tecnologie dell’informazione e dell’informatica,62.9,62.9 Other information technology and computer service activities,62.9 Altre attività dei servizi connessi alle tecnologie dell’informazione e dell’informatica,62,"62 Computer programming, consultancy and related activities","62 Attività di programmazione, consulenza informatica e attività connesse",K,"K TELECOMMUNICATION, COMPUTER PROGRAMMING, CONSULTING, COMPUTING INFRASTRUCTURE AND OTHER INFORMATION SERVICE ACTIVITIES","K TELECOMUNICAZIONI, PROGRAMMAZIONE E CONSULENZA INFORMATICA, INFRASTRUTTURE INFORMATICHE E ALTRE ATTIVITÀ DEI SERVIZI D’INFORMAZIONE"
63.10,"63.10 Computing infrastructure, data processing, hosting and related activities","63.10 Infrastrutture informatiche, elaborazione dati, hosting e attività connesse",63.1,"63.1 Computing infrastructure, data processing, hosting and related activities","63.1 Infrastrutture informatiche, elaborazione dati, hosting e attività connesse",63,"63 Computing infrastructure, data processing, hosting and other information service activities","63 Infrastrutture informatiche, elaborazione dati, hosting e altri servizi di informazione",K,"K TELECOMMUNICATION, COMPUTER PROGRAMMING, CONSULTING, COMPUTING INFRASTRUCTURE AND OTHER INFORMATION SERVICE ACTIVITIES","K TELECOMUNICAZIONI, PROGRAMMAZIONE E CONSULENZA INFORMATICA, INFRASTRUTTURE INFORMATICHE E ALTRE ATTIVITÀ DEI SERVIZI D’INFORMAZIONE"
63.91,63.91 Web search portal activities,63.91 Attività dei portali di ricerca sul web,63.9,63.9 Web search portal activities and other information service activities,63.9 Attività dei portali di ricerca web e altre attività dei servizi di informazione,63,"63 Computing infrastructure, data processing, hosting and other information service activities","63 Infrastrutture informatiche, elaborazione dati, hosting e altri servizi di informazione",K,"K TELECOMMUNICATION, COMPUTER PROGRAMMING, CONSULTING, COMPUTING INFRASTRUCTURE AND OTHER INFORMATION SERVICE ACTIVITIES","K TELECOMUNICAZIONI, PROGRAMMAZIONE E CONSULENZA INFORMATICA, INFRASTRUTTURE INFORMATICHE E ALTRE ATTIVITÀ DEI SERVIZI D’INFORMAZIONE"
63.92,63.92 Other information service activities,63.92 Altre attività dei servizi di informazione,63.9,63.9 Web search portal activities and other information service activities,63.9 Attività dei portali di ricerca web e altre attività dei servizi di informazione,63,"63 Computing infrastructure, data processing, hosting and other information service activities","63 Infrastrutture informatiche, elaborazione dati, hosting e altri servizi di informazione",K,"K TELECOMMUNICATION, COMPUTER PROGRAMMING, CONSULTING, COMPUTING INFRASTRUCTURE AND OTHER INFORMATION SERVICE ACTIVITIES","K TELECOMUNICAZIONI, PROGRAMMAZIONE E CONSULENZA INFORMATICA, INFRASTRUTTURE INFORMATICHE E ALTRE ATTIVITÀ DEI SERVIZI D’INFORMAZIONE"
64.11,64.11 Central banking,64.11 Attività delle banche centrali,64.1,64.1 Monetary intermediation,64.1 Intermediazione monetaria,64,"64 Financial service activities, except insurance and pension funding","64 Attività dei servizi finanziari, escluse le assicurazioni e i fondi pensione",L,L FINANCIAL AND INSURANCE ACTIVITIES,L ATTIVITÀ FINANZIARIE E ASSICURATIVE
64.19,64.19 Other monetary intermediation,64.19 Altre intermediazioni monetarie,64.1,64.1 Monetary intermediation,64.1 Intermediazione monetaria,64,"64 Financial service activities, except insurance and pension funding","64 Attività dei servizi finanziari, escluse le assicurazioni e i fondi pensione",L,L FINANCIAL AND INSURANCE ACTIVITIES,L ATTIVITÀ FINANZIARIE E ASSICURATIVE
64.21,64.21 Activities of holding companies,64.21 Attività delle società di partecipazione (holding),64.2,64.2 Activities of holding companies and financing conduits,64.2 Attività delle società di partecipazione (holding) e dei conduit di finanziamento,64,"64 Financial service activities, except insurance and pension funding","64 Attività dei servizi finanziari, escluse le assicurazioni e i fondi pensione",L,L FINANCIAL AND INSURANCE ACTIVITIES,L ATTIVITÀ FINANZIARIE E ASSICURATIVE
64.22,64.22 Activities of financing conduits,64.22 Attività dei conduit di finanziamento,64.2,64.2 Activities of holding companies and financing conduits,64.2 Attività delle società di partecipazione (holding) e dei conduit di finanziamento,64,"64 Financial service activities, except insurance and pension funding","64 Attività dei servizi finanziari, escluse le assicurazioni e i fondi pensione",L,L FINANCIAL AND INSURANCE ACTIVITIES,L ATTIVITÀ FINANZIARIE E ASSICURATIVE
64.31,64.31 Activities of money market and non-money market investments funds,64.31 Attività dei fondi di investimento del mercato monetario e del mercato non monetario,64.3,"64.3 Activities of trusts, funds and similar financial entities","64.3 Attività delle società fiduciarie, dei fondi e altre entità simili",64,"64 Financial service activities, except insurance and pension funding","64 Attività dei servizi finanziari, escluse le assicurazioni e i fondi pensione",L,L FINANCIAL AND INSURANCE ACTIVITIES,L ATTIVITÀ FINANZIARIE E ASSICURATIVE
64.32,"64.32 Activities of trust, estate and agency accounts","64.32 Attività di conti fiduciari, per la gestione dell’eredità e di agenzia",64.3,"64.3 Activities of trusts, funds and similar financial entities","64.3 Attività delle società fiduciarie, dei fondi e altre entità simili",64,"64 Financial service activities, except insurance and pension funding","64 Attività dei servizi finanziari, escluse le assicurazioni e i fondi pensione",L,L FINANCIAL AND INSURANCE ACTIVITIES,L ATTIVITÀ FINANZIARIE E ASSICURATIVE
64.91,64.91 Financial leasing,64.91 Leasing finanziario,64.9,"64.9 Other financial service activities, except insurance and pension funding","64.9 Altre attività di servizi finanziari, ad esclusione di assicurazioni e fondi pensione",64,"64 Financial service activities, except insurance and pension funding","64 Attività dei servizi finanziari, escluse le assicurazioni e i fondi pensione",L,L FINANCIAL AND INSURANCE ACTIVITIES,L ATTIVITÀ FINANZIARIE E ASSICURATIVE
64.92,64.92 Other credit granting,64.92 Altre attività creditizie,64.9,"64.9 Other financial service activities, except insurance and pension funding","64.9 Altre attività di servizi finanziari, ad esclusione di assicurazioni e fondi pensione",64,"64 Financial service activities, except insurance and pension funding","64 Attività dei servizi finanziari, escluse le assicurazioni e i fondi pensione",L,L FINANCIAL AND INSURANCE ACTIVITIES,L ATTIVITÀ FINANZIARIE E ASSICURATIVE
64.99,"64.99 Other financial service activities, except insurance and pension funding n.e.c.","64.99 Altre attività di servizi finanziari, ad esclusione di assicurazioni e fondi pensione n.c.a.",64.9,"64.9 Other financial service activities, except insurance and pension funding","64.9 Altre attività di servizi finanziari, ad esclusione di assicurazioni e fondi pensione",64,"64 Financial service activities, except insurance and pension funding","64 Attività dei servizi finanziari, escluse le assicurazioni e i fondi pensione",L,L FINANCIAL AND INSURANCE ACTIVITIES,L ATTIVITÀ FINANZIARIE E ASSICURATIVE
65.11,65.11 Life insurance,65.11 Assicurazioni sulla vita,65.1,65.1 Insurance,65.1 Assicurazioni,65,"65 Insurance, reinsurance and pension funding, except compulsory social security","65 Assicurazioni, riassicurazioni e fondi pensione, escluse le assicurazioni sociali obbligatorie",L,L FINANCIAL AND INSURANCE ACTIVITIES,L ATTIVITÀ FINANZIARIE E ASSICURATIVE
65.12,65.12 Non-life insurance,65.12 Assicurazioni diverse da quelle sulla vita,65.1,65.1 Insurance,65.1 Assicurazioni,65,"65 Insurance, reinsurance and pension funding, except compulsory social security","65 Assicurazioni, riassicurazioni e fondi pensione, escluse le assicurazioni sociali obbligatorie",L,L FINANCIAL AND INSURANCE ACTIVITIES,L ATTIVITÀ FINANZIARIE E ASSICURATIVE
65.20,65.20 Reinsurance,65.20 Riassicurazioni,65.2,65.2 Reinsurance,65.2 Riassicurazioni,65,"65 Insurance, reinsurance and pension funding, except compulsory social security","65 Assicurazioni, riassicurazioni e fondi pensione, escluse le assicurazioni sociali obbligatorie",L,L FINANCIAL AND INSURANCE ACTIVITIES,L ATTIVITÀ FINANZIARIE E ASSICURATIVE
65.30,65.30 Pension funding,65.30 Fondi pensione,65.3,65.3 Pension funding,65.3 Fondi pensione,65,"65 Insurance, reinsurance and pension funding, except compulsory social security","65 Assicurazioni, riassicurazioni e fondi pensione, escluse le assicurazioni sociali obbligatorie",L,L FINANCIAL AND INSURANCE ACTIVITIES,L ATTIVITÀ FINANZIARIE E ASSICURATIVE
66.11,66.11 Administration of financial markets,66.11 Amministrazione di mercati finanziari,66.1,"66.1 Activities auxiliary to financial services, except insurance and pension funding","66.1 Attività ausiliarie dei servizi finanziari, escluse le assicurazioni e i fondi pensione",66,66 Activities auxiliary to financial services and insurance activities,66 Attività ausiliarie dei servizi finanziari e delle attività assicurative,L,L FINANCIAL AND INSURANCE ACTIVITIES,L ATTIVITÀ FINANZIARIE E ASSICURATIVE
66.12,66.12 Security and commodity contracts brokerage,66.12 Attività di negoziazione di contratti relativi a titoli e merci,66.1,"66.1 Activities auxiliary to financial services, except insurance and pension funding","66.1 Attività ausiliarie dei servizi finanziari, escluse le assicurazioni e i fondi pensione",66,66 Activities auxiliary to financial services and insurance activities,66 Attività ausiliarie dei servizi finanziari e delle attività assicurative,L,L FINANCIAL AND INSURANCE ACTIVITIES,L ATTIVITÀ FINANZIARIE E ASSICURATIVE
66.19,"66.19 Other activities auxiliary to financial services, except insurance and pension funding","66.19 Altre attività ausiliarie dei servizi finanziari, escluse le assicurazioni e i fondi pensione",66.1,"66.1 Activities auxiliary to financial services, except insurance and pension funding","66.1 Attività ausiliarie dei servizi finanziari, escluse le assicurazioni e i fondi pensione",66,66 Activities auxiliary to financial services and insurance activities,66 Attività ausiliarie dei servizi finanziari e delle attività assicurative,L,L FINANCIAL AND INSURANCE ACTIVITIES,L ATTIVITÀ FINANZIARIE E ASSICURATIVE
66.21,66.21 Risk and damage evaluation,66.21 Valutazione dei rischi e dei danni,66.2,66.2 Activities auxiliary to insurance and pension funding,66.2 Attività ausiliarie delle assicurazioni e dei fondi pensione,66,66 Activities auxiliary to financial services and insurance activities,66 Attività ausiliarie dei servizi finanziari e delle attività assicurative,L,L FINANCIAL AND INSURANCE ACTIVITIES,L ATTIVITÀ FINANZIARIE E ASSICURATIVE
66.22,66.22 Activities of insurance agents and brokers,66.22 Attività di agenti e intermediari delle assicurazioni,66.2,66.2 Activities auxiliary to insurance and pension funding,66.2 Attività ausiliarie delle assicurazioni e dei fondi pensione,66,66 Activities auxiliary to financial services and insurance activities,66 Attività ausiliarie dei servizi finanziari e delle attività assicurative,L,L FINANCIAL AND INSURANCE ACTIVITIES,L ATTIVITÀ FINANZIARIE E ASSICURATIVE
66.29,66.29 Activities auxiliary to insurance and pension funding n.e.c.,66.29 Attività ausiliarie delle assicurazioni e dei fondi pensione n.c.a.,66.2,66.2 Activities auxiliary to insurance and pension funding,66.2 Attività ausiliarie delle assicurazioni e dei fondi pensione,66,66 Activities auxiliary to financial services and insurance activities,66 Attività ausiliarie dei servizi finanziari e delle attività assicurative,L,L FINANCIAL AND INSURANCE ACTIVITIES,L ATTIVITÀ FINANZIARIE E ASSICURATIVE
66.30,66.30 Fund management activities,66.30 Attività di gestione di fondi,66.3,66.3 Fund management activities,66.3 Attività di gestione di fondi,66,66 Activities auxiliary to financial services and insurance activities,66 Attività ausiliarie dei servizi finanziari e delle attività assicurative,L,L FINANCIAL AND INSURANCE ACTIVITIES,L ATTIVITÀ FINANZIARIE E ASSICURATIVE
68.11,68.11 Buying and selling of own real estate,68.11 Compravendita di beni immobili effettuata su beni propri,68.1,68.1 Real estate activities with own property and development of building projects,68.1 Attività immobiliari su beni propri e sviluppo di progetti immobiliari,68,68 Real estate activities,68 Attività immobiliari,M,M REAL ESTATE ACTIVITIES,M ATTIVITÀ IMMOBILIARI
68.12,68.12 Development of building projects,68.12 Sviluppo di progetti immobiliari,68.1,68.1 Real estate activities with own property and development of building projects,68.1 Attività immobiliari su beni propri e sviluppo di progetti immobiliari,68,68 Real estate activities,68 Attività immobiliari,M,M REAL ESTATE ACTIVITIES,M ATTIVITÀ IMMOBILIARI
68.20,68.20 Rental and operating of own or leased real estate,68.20 Affitto e gestione di beni immobili propri o in locazione,68.2,68.2 Rental and operating of own or leased real estate,68.2 Affitto e gestione di beni immobili propri o in locazione,68,68 Real estate activities,68 Attività immobiliari,M,M REAL ESTATE ACTIVITIES,M ATTIVITÀ IMMOBILIARI
68.31,68.31 Intermediation service activities for real estate activities,68.31 Attività di servizi di intermediazione per attività immobiliari,68.3,68.3 Real estate activities on a fee or contract basis,68.3 Attività immobiliari per conto terzi,68,68 Real estate activities,68 Attività immobiliari,M,M REAL ESTATE ACTIVITIES,M ATTIVITÀ IMMOBILIARI
68.32,68.32 Other real estate activities on a fee or contract basis,68.32 Altre attività immobiliari per conto terzi,68.3,68.3 Real estate activities on a fee or contract basis,68.3 Attività immobiliari per conto terzi,68,68 Real estate activities,68 Attività immobiliari,M,M REAL ESTATE ACTIVITIES,M ATTIVITÀ IMMOBILIARI
69.10,69.10 Legal activities,"69.10 Attività legali, giuridiche e notarili",69.1,69.1 Legal activities,"69.1 Attività legali, giuridiche e notarili",69,69 Legal and accounting activities,69 Attività legali e di contabilità,N,"N PROFESSIONAL, SCIENTIFIC AND TECHNICAL ACTIVITIES","N ATTIVITÀ PROFESSIONALI, SCIENTIFICHE E TECNICHE"
69.20,"69.20 Accounting, bookkeeping and auditing activities; tax consultancy","69.20 Attività di contabilità, controllo e revisione contabile; consulenza fiscale",69.2,"69.2 Accounting, bookkeeping and auditing activities; tax consultancy","69.2 Attività di contabilità, controllo e revisione contabile; consulenza fiscale",69,69 Legal and accounting activities,69 Attività legali e di contabilità,N,"N PROFESSIONAL, SCIENTIFIC AND TECHNICAL ACTIVITIES","N ATTIVITÀ PROFESSIONALI, SCIENTIFICHE E TECNICHE"
70.10,70.10 Activities of head offices,70.10 Attività di sedi centrali,70.1,70.1 Activities of head offices,70.1 Attività di sedi centrali,70,70 Activities of head offices and management consultancy,70 Attività di sedi centrali e consulenza gestionale,N,"N PROFESSIONAL, SCIENTIFIC AND TECHNICAL ACTIVITIES","N ATTIVITÀ PROFESSIONALI, SCIENTIFICHE E TECNICHE"
70.20,70.20 Business and other management consultancy activities,70.20 Consulenza imprenditoriale e altre attività di consulenza gestionale,70.2,70.2 Business and other management consultancy activities,70.2 Consulenza imprenditoriale e altre attività di consulenza gestionale,70,70 Activities of head offices and management consultancy,70 Attività di sedi centrali e consulenza gestionale,N,"N PROFESSIONAL, SCIENTIFIC AND TECHNICAL ACTIVITIES","N ATTIVITÀ PROFESSIONALI, SCIENTIFICHE E TECNICHE"
71.11,71.11 Architectural activities,71.11 Attività di architettura,71.1,71.1 Architectural and engineering activities and related technical consultancy,"71.1 Attività di architettura, di ingegneria e altre consulenze tecniche connesse",71,71 Architectural and engineering activities; technical testing and analysis,71 Attività di architettura e ingegneria; collaudi e analisi tecniche,N,"N PROFESSIONAL, SCIENTIFIC AND TECHNICAL ACTIVITIES","N ATTIVITÀ PROFESSIONALI, SCIENTIFICHE E TECNICHE"
71.12,71.12 Engineering activities and related technical consultancy,71.12 Attività di ingegneria e altre consulenze tecniche connesse,71.1,71.1 Architectural and engineering activities and related technical consultancy,"71.1 Attività di architettura, di ingegneria e altre consulenze tecniche connesse",71,71 Architectural and engineering activities; technical testing and analysis,71 Attività di architettura e ingegneria; collaudi e analisi tecniche,N,"N PROFESSIONAL, SCIENTIFIC AND TECHNICAL ACTIVITIES","N ATTIVITÀ PROFESSIONALI, SCIENTIFICHE E TECNICHE"
71.20,71.20 Technical testing and analysis,71.20 Collaudi e analisi tecniche,71.2,71.2 Technical testing and analysis,71.2 Collaudi e analisi tecniche,71,71 Architectural and engineering activities; technical testing and analysis,71 Attività di architettura e ingegneria; collaudi e analisi tecniche,N,"N PROFESSIONAL, SCIENTIFIC AND TECHNICAL ACTIVITIES","N ATTIVITÀ PROFESSIONALI, SCIENTIFICHE E TECNICHE"
72.10,72.10 Research and experimental development on natural sciences and engineering,72.10 Ricerca e sviluppo sperimentale nel campo delle scienze naturali e dell’ingegneria,72.1,72.1 Research and experimental development on natural sciences and engineering,72.1 Ricerca e sviluppo sperimentale nel campo delle scienze naturali e dell’ingegneria,72,72 Scientific research and development,72 Ricerca scientifica e sviluppo,N,"N PROFESSIONAL, SCIENTIFIC AND TECHNICAL ACTIVITIES","N ATTIVITÀ PROFESSIONALI, SCIENTIFICHE E TECNICHE"
72.20,72.20 Research and experimental development on social sciences and humanities,72.20 Ricerca e sviluppo sperimentale nel campo delle scienze sociali e umanistiche,72.2,72.2 Research and experimental development on social sciences and humanities,72.2 Ricerca e sviluppo sperimentale nel campo delle scienze sociali e umanistiche,72,72 Scientific research and development,72 Ricerca scientifica e sviluppo,N,"N PROFESSIONAL, SCIENTIFIC AND TECHNICAL ACTIVITIES","N ATTIVITÀ PROFESSIONALI, SCIENTIFICHE E TECNICHE"
73.11,73.11 Activities of advertising agencies,73.11 Attività di agenzie pubblicitarie,73.1,73.1 Advertising,73.1 Pubblicità,73,"73 Activities of advertising, market research and public relations","73 Attività di pubblicità, ricerche di mercato e pubbliche relazioni",N,"N PROFESSIONAL, SCIENTIFIC AND TECHNICAL ACTIVITIES","N ATTIVITÀ PROFESSIONALI, SCIENTIFICHE E TECNICHE"
73.12,73.12 Media representation,73.12 Attività di concessionarie pubblicitarie,73.1,73.1 Advertising,73.1 Pubblicità,73,"73 Activities of advertising, market research and public relations","73 Attività di pubblicità, ricerche di mercato e pubbliche relazioni",N,"N PROFESSIONAL, SCIENTIFIC AND TECHNICAL ACTIVITIES","N ATTIVITÀ PROFESSIONALI, SCIENTIFICHE E TECNICHE"
73.20,73.20 Market research and public opinion polling,73.20 Ricerche di mercato e sondaggi di opinione,73.2,73.2 Market research and public opinion polling,73.2 Ricerche di mercato e sondaggi di opinione,73,"73 Activities of advertising, market research and public relations","73 Attività di pubblicità, ricerche di mercato e pubbliche relazioni",N,"N PROFESSIONAL, SCIENTIFIC AND TECHNICAL ACTIVITIES","N ATTIVITÀ PROFESSIONALI, SCIENTIFICHE E TECNICHE"
73.30,73.30 Public relations and communication activities,73.30 Pubbliche relazioni e comunicazione,73.3,73.3 Public relations and communication activities,73.3 Pubbliche relazioni e comunicazione,73,"73 Activities of advertising, market research and public relations","73 Attività di pubblicità, ricerche di mercato e pubbliche relazioni",N,"N PROFESSIONAL, SCIENTIFIC AND TECHNICAL ACTIVITIES","N ATTIVITÀ PROFESSIONALI, SCIENTIFICHE E TECNICHE"
74.11,74.11 Industrial product and fashion design activities,74.11 Attività di progettazione di prodotti industriali e di moda,74.1,74.1 Specialised design activities,74.1 Attività di progettazione specializzata,74,"74 Other professional, scientific and technical activities","74 Altre attività professionali, scientifiche e tecniche",N,"N PROFESSIONAL, SCIENTIFIC AND TECHNICAL ACTIVITIES","N ATTIVITÀ PROFESSIONALI, SCIENTIFICHE E TECNICHE"
74.12,74.12 Graphic design and visual communication activities,74.12 Attività di progettazione grafica e di comunicazione visiva,74.1,74.1 Specialised design activities,74.1 Attività di progettazione specializzata,74,"74 Other professional, scientific and technical activities","74 Altre attività professionali, scientifiche e tecniche",N,"N PROFESSIONAL, SCIENTIFIC AND TECHNICAL ACTIVITIES","N ATTIVITÀ PROFESSIONALI, SCIENTIFICHE E TECNICHE"
74.13,74.13 Interior design activities,74.13 Attività di progettazione di interni,74.1,74.1 Specialised design activities,74.1 Attività di progettazione specializzata,74,"74 Other professional, scientific and technical activities","74 Altre attività professionali, scientifiche e tecniche",N,"N PROFESSIONAL, SCIENTIFIC AND TECHNICAL ACTIVITIES","N ATTIVITÀ PROFESSIONALI, SCIENTIFICHE E TECNICHE"
74.14,74.14 Other specialised design activities,74.14 Altre attività di progettazione specializzata,74.1,74.1 Specialised design activities,74.1 Attività di progettazione specializzata,74,"74 Other professional, scientific and technical activities","74 Altre attività professionali, scientifiche e tecniche",N,"N PROFESSIONAL, SCIENTIFIC AND TECHNICAL ACTIVITIES","N ATTIVITÀ PROFESSIONALI, SCIENTIFICHE E TECNICHE"
74.20,74.20 Photographic activities,74.20 Attività fotografiche,74.2,74.2 Photographic activities,74.2 Attività fotografiche,74,"74 Other professional, scientific and technical activities","74 Altre attività professionali, scientifiche e tecniche",N,"N PROFESSIONAL, SCIENTIFIC AND TECHNICAL ACTIVITIES","N ATTIVITÀ PROFESSIONALI, SCIENTIFICHE E TECNICHE"
74.30,74.30 Translation and interpretation activities,74.30 Attività di traduzione e interpretariato,74.3,74.3 Translation and interpretation activities,74.3 Attività di traduzione e interpretariato,74,"74 Other professional, scientific and technical activities","74 Altre attività professionali, scientifiche e tecniche",N,"N PROFESSIONAL, SCIENTIFIC AND TECHNICAL ACTIVITIES","N ATTIVITÀ PROFESSIONALI, SCIENTIFICHE E TECNICHE"
74.91,74.91 Patent brokering and marketing service activities,74.91 Attività di servizi di intermediazione e marketing di brevetti,74.9,"74.9 Other professional, scientific and technical activities n.e.c.","74.9 Altre attività professionali, scientifiche e tecniche n.c.a.",74,"74 Other professional, scientific and technical activities","74 Altre attività professionali, scientifiche e tecniche",N,"N PROFESSIONAL, SCIENTIFIC AND TECHNICAL ACTIVITIES","N ATTIVITÀ PROFESSIONALI, SCIENTIFICHE E TECNICHE"
74.99,"74.99 All other professional, scientific and technical activities n.e.c.","74.99 Tutte le altre attività professionali, scientifiche e tecniche n.c.a.",74.9,"74.9 Other professional, scientific and technical activities n.e.c.","74.9 Altre attività professionali, scientifiche e tecniche n.c.a.",74,"74 Other professional, scientific and technical activities","74 Altre attività professionali, scientifiche e tecniche",N,"N PROFESSIONAL, SCIENTIFIC AND TECHNICAL ACTIVITIES","N ATTIVITÀ PROFESSIONALI, SCIENTIFICHE E TECNICHE"
75.00,75.00 Veterinary activities,75.00 Servizi veterinari,75.0,75.0 Veterinary activities,75.0 Servizi veterinari,75,75 Veterinary activities,75 Servizi veterinari,N,"N PROFESSIONAL, SCIENTIFIC AND TECHNICAL ACTIVITIES","N ATTIVITÀ PROFESSIONALI, SCIENTIFICHE E TECNICHE"
77.11,77.11 Rental and leasing of cars and light motor vehicles,77.11 Noleggio e leasing operativo di automobili e autoveicoli leggeri,77.1,77.1 Rental and leasing of motor vehicles,77.1 Noleggio e leasing operativo di autoveicoli,77,77 Rental and leasing activities,77 Attività di noleggio e leasing operativo,O,O ADMINISTRATIVE AND SUPPORT SERVICE ACTIVITIES,O ATTIVITÀ AMMINISTRATIVE E DI SERVIZI DI SUPPORTO
77.12,77.12 Rental and leasing of trucks,77.12 Noleggio e leasing operativo di autocarri,77.1,77.1 Rental and leasing of motor vehicles,77.1 Noleggio e leasing operativo di autoveicoli,77,77 Rental and leasing activities,77 Attività di noleggio e leasing operativo,O,O ADMINISTRATIVE AND SUPPORT SERVICE ACTIVITIES,O ATTIVITÀ AMMINISTRATIVE E DI SERVIZI DI SUPPORTO
77.21,77.21 Rental and leasing of recreational and sports goods,77.21 Noleggio e leasing operativo di attrezzature e articoli sportivi e ricreativi,77.2,77.2 Rental and leasing of personal and household goods,77.2 Noleggio e leasing operativo di beni per uso personale e per la casa,77,77 Rental and leasing activities,77 Attività di noleggio e leasing operativo,O,O ADMINISTRATIVE AND SUPPORT SERVICE ACTIVITIES,O ATTIVITÀ AMMINISTRATIVE E DI SERVIZI DI SUPPORTO
77.22,77.22 Rental and leasing of other personal and household goods,77.22 Noleggio e leasing operativo di altri beni per uso personale e per la casa,77.2,77.2 Rental and leasing of personal and household goods,77.2 Noleggio e leasing operativo di beni per uso personale e per la casa,77,77 Rental and leasing activities,77 Attività di noleggio e leasing operativo,O,O ADMINISTRATIVE AND SUPPORT SERVICE ACTIVITIES,O ATTIVITÀ AMMINISTRATIVE E DI SERVIZI DI SUPPORTO
77.31,77.31 Rental and leasing of agricultural machinery and equipment,77.31 Noleggio e leasing operativo di macchine e attrezzature agricole,77.3,"77.3 Rental and leasing of other machinery, equipment and tangible goods","77.3 Noleggio e leasing operativo di altre macchine, attrezzature e beni materiali",77,77 Rental and leasing activities,77 Attività di noleggio e leasing operativo,O,O ADMINISTRATIVE AND SUPPORT SERVICE ACTIVITIES,O ATTIVITÀ AMMINISTRATIVE E DI SERVIZI DI SUPPORTO
77.32,77.32 Rental and leasing of construction and civil engineering machinery and equipment,77.32 Noleggio e leasing operativo di macchine e attrezzature per lavori edili e di ingegneria civile,77.3,"77.3 Rental and leasing of other machinery, equipment and tangible goods","77.3 Noleggio e leasing operativo di altre macchine, attrezzature e beni materiali",77,77 Rental and leasing activities,77 Attività di noleggio e leasing operativo,O,O ADMINISTRATIVE AND SUPPORT SERVICE ACTIVITIES,O ATTIVITÀ AMMINISTRATIVE E DI SERVIZI DI SUPPORTO
77.33,"77.33 Rental and leasing of office machinery, equipment and computers","77.33 Noleggio e leasing operativo di macchine, attrezzature e computer per ufficio",77.3,"77.3 Rental and leasing of other machinery, equipment and tangible goods","77.3 Noleggio e leasing operativo di altre macchine, attrezzature e beni materiali",77,77 Rental and leasing activities,77 Attività di noleggio e leasing operativo,O,O ADMINISTRATIVE AND SUPPORT SERVICE ACTIVITIES,O ATTIVITÀ AMMINISTRATIVE E DI SERVIZI DI SUPPORTO
77.34,77.34 Rental and leasing of water transport equipment,"77.34 Noleggio e leasing operativo di mezzi di trasporto marittimi, fluviali e lacustri",77.3,"77.3 Rental and leasing of other machinery, equipment and tangible goods","77.3 Noleggio e leasing operativo di altre macchine, attrezzature e beni materiali",77,77 Rental and leasing activities,77 Attività di noleggio e leasing operativo,O,O ADMINISTRATIVE AND SUPPORT SERVICE ACTIVITIES,O ATTIVITÀ AMMINISTRATIVE E DI SERVIZI DI SUPPORTO
77.35,77.35 Rental and leasing of air transport equipment,77.35 Noleggio e leasing operativo di mezzi di trasporto aereo,77.3,"77.3 Rental and leasing of other machinery, equipment and tangible goods","77.3 Noleggio e leasing operativo di altre macchine, attrezzature e beni materiali",77,77 Rental and leasing activities,77 Attività di noleggio e leasing operativo,O,O ADMINISTRATIVE AND SUPPORT SERVICE ACTIVITIES,O ATTIVITÀ AMMINISTRATIVE E DI SERVIZI DI SUPPORTO
77.39,"77.39 Rental and leasing of other machinery, equipment and tangible goods n.e.c.","77.39 Noleggio e leasing operativo di altre macchine, attrezzature e beni materiali n.c.a.",77.3,"77.3 Rental and leasing of other machinery, equipment and tangible goods","77.3 Noleggio e leasing operativo di altre macchine, attrezzature e beni materiali",77,77 Rental and leasing activities,77 Attività di noleggio e leasing operativo,O,O ADMINISTRATIVE AND SUPPORT SERVICE ACTIVITIES,O ATTIVITÀ AMMINISTRATIVE E DI SERVIZI DI SUPPORTO
77.40,"77.40 Leasing of intellectual property and similar products, except copyrighted works","77.40 Concessione dei diritti di sfruttamento di proprietà intellettuale, escluse le opere soggette a diritto d’autore",77.4,"77.4 Leasing of intellectual property and similar products, except copyrighted works","77.4 Concessione dei diritti di sfruttamento di proprietà intellettuale, escluse le opere soggette a diritto d’autore",77,77 Rental and leasing activities,77 Attività di noleggio e leasing operativo,O,O ADMINISTRATIVE AND SUPPORT SERVICE ACTIVITIES,O ATTIVITÀ AMMINISTRATIVE E DI SERVIZI DI SUPPORTO
77.51,"77.51 Intermediation service activities for rental and leasing of cars, motorhomes and trailers","77.51 Attività di servizi di intermediazione per il noleggio e il leasing operativo di automobili, autocaravan e rimorchi",77.5,77.5 Intermediation service activities for rental and leasing of tangible goods and non-financial intangible assets,77.5 Attività di servizi di intermediazione per il noleggio e il leasing operativo di beni materiali e beni immateriali non finanziari,77,77 Rental and leasing activities,77 Attività di noleggio e leasing operativo,O,O ADMINISTRATIVE AND SUPPORT SERVICE ACTIVITIES,O ATTIVITÀ AMMINISTRATIVE E DI SERVIZI DI SUPPORTO
77.52,77.52 Intermediation service activities for rental and leasing of other tangible goods and non-financial intangible assets,77.52 Attività di servizi di intermediazione per il noleggio e il leasing operativo di altri beni materiali e beni immateriali non finanziari,77.5,77.5 Intermediation service activities for rental and leasing of tangible goods and non-financial intangible assets,77.5 Attività di servizi di intermediazione per il noleggio e il leasing operativo di beni materiali e beni immateriali non finanziari,77,77 Rental and leasing activities,77 Attività di noleggio e leasing operativo,O,O ADMINISTRATIVE AND SUPPORT SERVICE ACTIVITIES,O ATTIVITÀ AMMINISTRATIVE E DI SERVIZI DI SUPPORTO
78.10,78.10 Activities of employment placement agencies,78.10 Attività di agenzie di collocamento,78.1,78.1 Activities of employment placement agencies,78.1 Attività di agenzie di collocamento,78,78 Employment activities,"78 Attività di ricerca, selezione, fornitura di risorse umane",O,O ADMINISTRATIVE AND SUPPORT SERVICE ACTIVITIES,O ATTIVITÀ AMMINISTRATIVE E DI SERVIZI DI SUPPORTO
78.20,78.20 Temporary employment agency activities and other human resource provisions,78.20 Attività di agenzie di lavoro interinale e altre attività di fornitura di risorse umane,78.2,78.2 Temporary employment agency activities and other human resource provisions,78.2 Attività di agenzie di lavoro interinale e altre attività di fornitura di risorse umane,78,78 Employment activities,"78 Attività di ricerca, selezione, fornitura di risorse umane",O,O ADMINISTRATIVE AND SUPPORT SERVICE ACTIVITIES,O ATTIVITÀ AMMINISTRATIVE E DI SERVIZI DI SUPPORTO
79.11,79.11 Travel agency activities,79.11 Attività di agenzie di viaggio,79.1,79.1 Travel agency and tour operator activities,79.1 Attività di agenzie di viaggio e tour operator,79,"79 Travel agency, tour operator and other reservation service and related activities","79 Attività di agenzie di viaggio, tour operator e altri servizi di prenotazione e attività connesse",O,O ADMINISTRATIVE AND SUPPORT SERVICE ACTIVITIES,O ATTIVITÀ AMMINISTRATIVE E DI SERVIZI DI SUPPORTO
79.12,79.12 Tour operator activities,79.12 Attività di tour operator,79.1,79.1 Travel agency and tour operator activities,79.1 Attività di agenzie di viaggio e tour operator,79,"79 Travel agency, tour operator and other reservation service and related activities","79 Attività di agenzie di viaggio, tour operator e altri servizi di prenotazione e attività connesse",O,O ADMINISTRATIVE AND SUPPORT SERVICE ACTIVITIES,O ATTIVITÀ AMMINISTRATIVE E DI SERVIZI DI SUPPORTO
79.90,79.90 Other reservation service and related activities,79.90 Altri servizi di prenotazione e attività connesse,79.9,79.9 Other reservation service and related activities,79.9 Altri servizi di prenotazione e attività connesse,79,"79 Travel agency, tour operator and other reservation service and related activities","79 Attività di agenzie di viaggio, tour operator e altri servizi di prenotazione e attività connesse",O,O ADMINISTRATIVE AND SUPPORT SERVICE ACTIVITIES,O ATTIVITÀ AMMINISTRATIVE E DI SERVIZI DI SUPPORTO
80.01,80.01 Investigation and private security activities,80.01 Attività di investigazione e vigilanza privata,80.0,80.0 Investigation and security activities,80.0 Attività di investigazione e vigilanza,80,80 Investigation and security activities,80 Attività di investigazione e vigilanza,O,O ADMINISTRATIVE AND SUPPORT SERVICE ACTIVITIES,O ATTIVITÀ AMMINISTRATIVE E DI SERVIZI DI SUPPORTO
80.09,80.09 Security activities n.e.c.,80.09 Attività di vigilanza n.c.a.,80.0,80.0 Investigation and security activities,80.0 Attività di investigazione e vigilanza,80,80 Investigation and security activities,80 Attività di investigazione e vigilanza,O,O ADMINISTRATIVE AND SUPPORT SERVICE ACTIVITIES,O ATTIVITÀ AMMINISTRATIVE E DI SERVIZI DI SUPPORTO
81.10,81.10 Combined facilities support activities,81.10 Attività di servizi integrati agli edifici,81.1,81.1 Combined facilities support activities,81.1 Attività di servizi integrati agli edifici,81,81 Services to buildings and landscape activities,81 Attività di servizi per edifici e per la cura del paesaggio,O,O ADMINISTRATIVE AND SUPPORT SERVICE ACTIVITIES,O ATTIVITÀ AMMINISTRATIVE E DI SERVIZI DI SUPPORTO
81.21,81.21 General cleaning of buildings,81.21 Attività di pulizia generale di edifici,81.2,81.2 Cleaning activities,81.2 Attività di pulizia,81,81 Services to buildings and landscape activities,81 Attività di servizi per edifici e per la cura del paesaggio,O,O ADMINISTRATIVE AND SUPPORT SERVICE ACTIVITIES,O ATTIVITÀ AMMINISTRATIVE E DI SERVIZI DI SUPPORTO
81.22,81.22 Other building and industrial cleaning activities,81.22 Altre attività di pulizia di edifici e pulizia industriale,81.2,81.2 Cleaning activities,81.2 Attività di pulizia,81,81 Services to buildings and landscape activities,81 Attività di servizi per edifici e per la cura del paesaggio,O,O ADMINISTRATIVE AND SUPPORT SERVICE ACTIVITIES,O ATTIVITÀ AMMINISTRATIVE E DI SERVIZI DI SUPPORTO
81.23,81.23 Other cleaning activities,81.23 Altre attività di pulizia,81.2,81.2 Cleaning activities,81.2 Attività di pulizia,81,81 Services to buildings and landscape activities,81 Attività di servizi per edifici e per la cura del paesaggio,O,O ADMINISTRATIVE AND SUPPORT SERVICE ACTIVITIES,O ATTIVITÀ AMMINISTRATIVE E DI SERVIZI DI SUPPORTO
81.30,81.30 Landscape service activities,81.30 Attività di servizi per la cura del paesaggio,81.3,81.3 Landscape service activities,81.3 Attività di servizi per la cura del paesaggio,81,81 Services to buildings and landscape activities,81 Attività di servizi per edifici e per la cura del paesaggio,O,O ADMINISTRATIVE AND SUPPORT SERVICE ACTIVITIES,O ATTIVITÀ AMMINISTRATIVE E DI SERVIZI DI SUPPORTO
82.10,82.10 Office administrative and support activities,82.10 Attività amministrative e di supporto per le funzioni di ufficio,82.1,82.1 Office administrative and support activities,82.1 Attività amministrative e di supporto per le funzioni di ufficio,82,"82 Office administrative, office support and other business support activities","82 Attività amministrative, di supporto per le funzioni di ufficio e altri servizi di supporto alle imprese",O,O ADMINISTRATIVE AND SUPPORT SERVICE ACTIVITIES,O ATTIVITÀ AMMINISTRATIVE E DI SERVIZI DI SUPPORTO
82.20,82.20 Activities of call centres,82.20 Attività dei call center,82.2,82.2 Activities of call centres,82.2 Attività dei call center,82,"82 Office administrative, office support and other business support activities","82 Attività amministrative, di supporto per le funzioni di ufficio e altri servizi di supporto alle imprese",O,O ADMINISTRATIVE AND SUPPORT SERVICE ACTIVITIES,O ATTIVITÀ AMMINISTRATIVE E DI SERVIZI DI SUPPORTO
82.30,82.30 Organisation of conventions and trade shows,82.30 Organizzazione di convegni e fiere,82.3,82.3 Organisation of conventions and trade shows,82.3 Organizzazione di convegni e fiere,82,"82 Office administrative, office support and other business support activities","82 Attività amministrative, di supporto per le funzioni di ufficio e altri servizi di supporto alle imprese",O,O ADMINISTRATIVE AND SUPPORT SERVICE ACTIVITIES,O ATTIVITÀ AMMINISTRATIVE E DI SERVIZI DI SUPPORTO
82.40,82.40 Intermediation service activities for business support service activities n.e.c.,82.40 Attività di servizi di intermediazione per servizi di supporto alle imprese n.c.a.,82.4,82.4 Intermediation service activities for business support service activities n.e.c.,82.4 Attività di servizi di intermediazione per servizi di supporto alle imprese n.c.a.,82,"82 Office administrative, office support and other business support activities","82 Attività amministrative, di supporto per le funzioni di ufficio e altri servizi di supporto alle imprese",O,O ADMINISTRATIVE AND SUPPORT SERVICE ACTIVITIES,O ATTIVITÀ AMMINISTRATIVE E DI SERVIZI DI SUPPORTO
82.91,82.91 Activities of collection agencies and credit bureaus,"82.91 Attività di recupero crediti, di informazioni commerciali e di rating",82.9,82.9 Business support service activities n.e.c.,82.9 Servizi di supporto alle imprese n.c.a.,82,"82 Office administrative, office support and other business support activities","82 Attività amministrative, di supporto per le funzioni di ufficio e altri servizi di supporto alle imprese",O,O ADMINISTRATIVE AND SUPPORT SERVICE ACTIVITIES,O ATTIVITÀ AMMINISTRATIVE E DI SERVIZI DI SUPPORTO
82.92,82.92 Packaging activities,82.92 Attività di imballaggio,82.9,82.9 Business support service activities n.e.c.,82.9 Servizi di supporto alle imprese n.c.a.,82,"82 Office administrative, office support and other business support activities","82 Attività amministrative, di supporto per le funzioni di ufficio e altri servizi di supporto alle imprese",O,O ADMINISTRATIVE AND SUPPORT SERVICE ACTIVITIES,O ATTIVITÀ AMMINISTRATIVE E DI SERVIZI DI SUPPORTO
82.99,82.99 Other business support service activities n.e.c.,82.99 Altri servizi di supporto alle imprese n.c.a.,82.9,82.9 Business support service activities n.e.c.,82.9 Servizi di supporto alle imprese n.c.a.,82,"82 Office administrative, office support and other business support activities","82 Attività amministrative, di supporto per le funzioni di ufficio e altri servizi di supporto alle imprese",O,O ADMINISTRATIVE AND SUPPORT SERVICE ACTIVITIES,O ATTIVITÀ AMMINISTRATIVE E DI SERVIZI DI SUPPORTO
84.11,84.11 General public administration activities,84.11 Attività generali di amministrazione pubblica,84.1,"84.1 Administration of the State and the economic, social and environmental policies of the community","84.1 Amministrazione dello Stato e delle politiche economiche, sociali e ambientali della comunità",84,84 Public administration and defence; compulsory social security,84 Amministrazione pubblica e difesa; assicurazione sociale obbligatoria,P,P PUBLIC ADMINISTRATION AND DEFENCE; COMPULSORY SOCIAL SECURITY,P AMMINISTRAZIONE PUBBLICA E DIFESA; ASSICURAZIONE SOCIALE OBBLIGATORIA
84.12,"84.12 Regulation of health care, education, cultural services and other social services","84.12 Regolamentazione dei servizi di assistenza sanitaria, istruzione, servizi culturali e di altri servizi sociali",84.1,"84.1 Administration of the State and the economic, social and environmental policies of the community","84.1 Amministrazione dello Stato e delle politiche economiche, sociali e ambientali della comunità",84,84 Public administration and defence; compulsory social security,84 Amministrazione pubblica e difesa; assicurazione sociale obbligatoria,P,P PUBLIC ADMINISTRATION AND DEFENCE; COMPULSORY SOCIAL SECURITY,P AMMINISTRAZIONE PUBBLICA E DIFESA; ASSICURAZIONE SOCIALE OBBLIGATORIA
84.13,84.13 Regulation of and contribution to more efficient operation of businesses,84.13 Regolamentazione delle attività che contribuiscono a una più efficiente gestione delle attività economiche,84.1,"84.1 Administration of the State and the economic, social and environmental policies of the community","84.1 Amministrazione dello Stato e delle politiche economiche, sociali e ambientali della comunità",84,84 Public administration and defence; compulsory social security,84 Amministrazione pubblica e difesa; assicurazione sociale obbligatoria,P,P PUBLIC ADMINISTRATION AND DEFENCE; COMPULSORY SOCIAL SECURITY,P AMMINISTRAZIONE PUBBLICA E DIFESA; ASSICURAZIONE SOCIALE OBBLIGATORIA
84.21,84.21 Foreign affairs,84.21 Affari esteri,84.2,84.2 Provision of services to the community as a whole,84.2 Erogazione di servizi collettivi,84,84 Public administration and defence; compulsory social security,84 Amministrazione pubblica e difesa; assicurazione sociale obbligatoria,P,P PUBLIC ADMINISTRATION AND DEFENCE; COMPULSORY SOCIAL SECURITY,P AMMINISTRAZIONE PUBBLICA E DIFESA; ASSICURAZIONE SOCIALE OBBLIGATORIA
84.22,84.22 Defence activities,84.22 Difesa nazionale,84.2,84.2 Provision of services to the community as a whole,84.2 Erogazione di servizi collettivi,84,84 Public administration and defence; compulsory social security,84 Amministrazione pubblica e difesa; assicurazione sociale obbligatoria,P,P PUBLIC ADMINISTRATION AND DEFENCE; COMPULSORY SOCIAL SECURITY,P AMMINISTRAZIONE PUBBLICA E DIFESA; ASSICURAZIONE SOCIALE OBBLIGATORIA
84.23,84.23 Justice and judicial activities,84.23 Giustizia e attività giudiziarie,84.2,84.2 Provision of services to the community as a whole,84.2 Erogazione di servizi collettivi,84,84 Public administration and defence; compulsory social security,84 Amministrazione pubblica e difesa; assicurazione sociale obbligatoria,P,P PUBLIC ADMINISTRATION AND DEFENCE; COMPULSORY SOCIAL SECURITY,P AMMINISTRAZIONE PUBBLICA E DIFESA; ASSICURAZIONE SOCIALE OBBLIGATORIA
84.24,84.24 Public order and safety activities,84.24 Ordine pubblico e sicurezza nazionale,84.2,84.2 Provision of services to the community as a whole,84.2 Erogazione di servizi collettivi,84,84 Public administration and defence; compulsory social security,84 Amministrazione pubblica e difesa; assicurazione sociale obbligatoria,P,P PUBLIC ADMINISTRATION AND DEFENCE; COMPULSORY SOCIAL SECURITY,P AMMINISTRAZIONE PUBBLICA E DIFESA; ASSICURAZIONE SOCIALE OBBLIGATORIA
84.25,84.25 Fire service activities,84.25 Servizi antincendio,84.2,84.2 Provision of services to the community as a whole,84.2 Erogazione di servizi collettivi,84,84 Public administration and defence; compulsory social security,84 Amministrazione pubblica e difesa; assicurazione sociale obbligatoria,P,P PUBLIC ADMINISTRATION AND DEFENCE; COMPULSORY SOCIAL SECURITY,P AMMINISTRAZIONE PUBBLICA E DIFESA; ASSICURAZIONE SOCIALE OBBLIGATORIA
84.30,84.30 Compulsory social security activities,84.30 Assicurazione sociale obbligatoria,84.3,84.3 Compulsory social security activities,84.3 Assicurazione sociale obbligatoria,84,84 Public administration and defence; compulsory social security,84 Amministrazione pubblica e difesa; assicurazione sociale obbligatoria,P,P PUBLIC ADMINISTRATION AND DEFENCE; COMPULSORY SOCIAL SECURITY,P AMMINISTRAZIONE PUBBLICA E DIFESA; ASSICURAZIONE SOCIALE OBBLIGATORIA
85.10,85.10 Pre-primary education,85.10 Istruzione prescolastica,85.1,85.1 Pre-primary education,85.1 Istruzione prescolastica,85,85 Education,85 Istruzione e formazione,Q,Q EDUCATION,Q ISTRUZIONE E FORMAZIONE
85.20,85.20 Primary education,85.20 Istruzione primaria,85.2,85.2 Primary education,85.2 Istruzione primaria,85,85 Education,85 Istruzione e formazione,Q,Q EDUCATION,Q ISTRUZIONE E FORMAZIONE
85.31,85.31 General secondary education,85.31 Istruzione secondaria di formazione generale,85.3,85.3 Secondary and post-secondary non-tertiary education,85.3 Istruzione secondaria e post-secondaria non terziaria,85,85 Education,85 Istruzione e formazione,Q,Q EDUCATION,Q ISTRUZIONE E FORMAZIONE
85.32,85.32 Vocational secondary education,85.32 Istruzione secondaria professionale,85.3,85.3 Secondary and post-secondary non-tertiary education,85.3 Istruzione secondaria e post-secondaria non terziaria,85,85 Education,85 Istruzione e formazione,Q,Q EDUCATION,Q ISTRUZIONE E FORMAZIONE
85.33,85.33 Post-secondary non-tertiary education,85.33 Istruzione post-secondaria non terziaria,85.3,85.3 Secondary and post-secondary non-tertiary education,85.3 Istruzione secondaria e post-secondaria non terziaria,85,85 Education,85 Istruzione e formazione,Q,Q EDUCATION,Q ISTRUZIONE E FORMAZIONE
85.40,85.40 Tertiary education,85.40 Istruzione terziaria,85.4,85.4 Tertiary education,85.4 Istruzione terziaria,85,85 Education,85 Istruzione e formazione,Q,Q EDUCATION,Q ISTRUZIONE E FORMAZIONE
85.51,85.51 Sports and recreation education,85.51 Formazione sportiva e ricreativa,85.5,85.5 Other education,85.5 Altri servizi di istruzione e formazione,85,85 Education,85 Istruzione e formazione,Q,Q EDUCATION,Q ISTRUZIONE E FORMAZIONE
85.52,85.52 Cultural education,85.52 Formazione culturale,85.5,85.5 Other education,85.5 Altri servizi di istruzione e formazione,85,85 Education,85 Istruzione e formazione,Q,Q EDUCATION,Q ISTRUZIONE E FORMAZIONE
85.53,85.53 Driving school activities,85.53 Attività di scuole guida,85.5,85.5 Other education,85.5 Altri servizi di istruzione e formazione,85,85 Education,85 Istruzione e formazione,Q,Q EDUCATION,Q ISTRUZIONE E FORMAZIONE
85.59,85.59 Other education n.e.c.,85.59 Altri servizi di istruzione e formazione n.c.a.,85.5,85.5 Other education,85.5 Altri servizi di istruzione e formazione,85,85 Education,85 Istruzione e formazione,Q,Q EDUCATION,Q ISTRUZIONE E FORMAZIONE
85.61,85.61 Intermediation service activities for courses and tutors,85.61 Attività di servizi di intermediazione per corsi e tutor,85.6,85.6 Educational support activities,85.6 Servizi di supporto all'istruzione e formazione,85,85 Education,85 Istruzione e formazione,Q,Q EDUCATION,Q ISTRUZIONE E FORMAZIONE
85.69,85.69 Educational support activities n.e.c.,85.69 Altri servizi di supporto all'istruzione e formazione n.c.a.,85.6,85.6 Educational support activities,85.6 Servizi di supporto all'istruzione e formazione,85,85 Education,85 Istruzione e formazione,Q,Q EDUCATION,Q ISTRUZIONE E FORMAZIONE
86.10,86.10 Hospital activities,86.10 Attività ospedaliere,86.1,86.1 Hospital activities,86.1 Attività ospedaliere,86,86 Human health activities,86 Attività per la salute umana,R,R HUMAN HEALTH AND SOCIAL WORK ACTIVITIES,R ATTIVITÀ PER LA SALUTE UMANA E DI ASSISTENZA SOCIALE
86.21,86.21 General medical practice activities,86.21 Attività di medicina generale,86.2,86.2 Medical and dental practice activities,86.2 Attività mediche e odontoiatriche,86,86 Human health activities,86 Attività per la salute umana,R,R HUMAN HEALTH AND SOCIAL WORK ACTIVITIES,R ATTIVITÀ PER LA SALUTE UMANA E DI ASSISTENZA SOCIALE
86.22,86.22 Medical specialists activities,86.22 Attività di medicina specialistica,86.2,86.2 Medical and dental practice activities,86.2 Attività mediche e odontoiatriche,86,86 Human health activities,86 Attività per la salute umana,R,R HUMAN HEALTH AND SOCIAL WORK ACTIVITIES,R ATTIVITÀ PER LA SALUTE UMANA E DI ASSISTENZA SOCIALE
86.23,86.23 Dental practice care activities,86.23 Attività odontoiatriche,86.2,86.2 Medical and dental practice activities,86.2 Attività mediche e odontoiatriche,86,86 Human health activities,86 Attività per la salute umana,R,R HUMAN HEALTH AND SOCIAL WORK ACTIVITIES,R ATTIVITÀ PER LA SALUTE UMANA E DI ASSISTENZA SOCIALE
86.91,86.91 Diagnostic imaging services and medical laboratory activities,86.91 Attività di diagnostica per immagini e di laboratorio medico,86.9,86.9 Other human health activities,86.9 Altre attività per la salute umana,86,86 Human health activities,86 Attività per la salute umana,R,R HUMAN HEALTH AND SOCIAL WORK ACTIVITIES,R ATTIVITÀ PER LA SALUTE UMANA E DI ASSISTENZA SOCIALE
86.92,86.92 Patient transportation by ambulance,86.92 Trasporto di pazienti in ambulanza,86.9,86.9 Other human health activities,86.9 Altre attività per la salute umana,86,86 Human health activities,86 Attività per la salute umana,R,R HUMAN HEALTH AND SOCIAL WORK ACTIVITIES,R ATTIVITÀ PER LA SALUTE UMANA E DI ASSISTENZA SOCIALE
86.93,"86.93 Activities of psychologists and psychotherapists, except medical doctors","86.93 Attività di psicologi e psicoterapeuti, esclusi i medici",86.9,86.9 Other human health activities,86.9 Altre attività per la salute umana,86,86 Human health activities,86 Attività per la salute umana,R,R HUMAN HEALTH AND SOCIAL WORK ACTIVITIES,R ATTIVITÀ PER LA SALUTE UMANA E DI ASSISTENZA SOCIALE
86.94,86.94 Nursing and midwifery activities,86.94 Attività infermieristiche e ostetriche,86.9,86.9 Other human health activities,86.9 Altre attività per la salute umana,86,86 Human health activities,86 Attività per la salute umana,R,R HUMAN HEALTH AND SOCIAL WORK ACTIVITIES,R ATTIVITÀ PER LA SALUTE UMANA E DI ASSISTENZA SOCIALE
86.95,86.95 Physiotherapy activities,86.95 Attività di fisioterapia,86.9,86.9 Other human health activities,86.9 Altre attività per la salute umana,86,86 Human health activities,86 Attività per la salute umana,R,R HUMAN HEALTH AND SOCIAL WORK ACTIVITIES,R ATTIVITÀ PER LA SALUTE UMANA E DI ASSISTENZA SOCIALE
86.96,"86.96 Traditional, complementary and alternative medicine activities",86.96 Attività di medicine complementari e alternative,86.9,86.9 Other human health activities,86.9 Altre attività per la salute umana,86,86 Human health activities,86 Attività per la salute umana,R,R HUMAN HEALTH AND SOCIAL WORK ACTIVITIES,R ATTIVITÀ PER LA SALUTE UMANA E DI ASSISTENZA SOCIALE
86.97,"86.97 Intermediation service activities for medical, dental and other human health services","86.97 Attività di servizi di intermediazione per attività mediche, odontoiatriche e altri servizi per la salute umana",86.9,86.9 Other human health activities,86.9 Altre attività per la salute umana,86,86 Human health activities,86 Attività per la salute umana,R,R HUMAN HEALTH AND SOCIAL WORK ACTIVITIES,R ATTIVITÀ PER LA SALUTE UMANA E DI ASSISTENZA SOCIALE
86.99,86.99 Other human health activities n.e.c.,86.99 Altre attività per la salute umana n.c.a.,86.9,86.9 Other human health activities,86.9 Altre attività per la salute umana,86,86 Human health activities,86 Attività per la salute umana,R,R HUMAN HEALTH AND SOCIAL WORK ACTIVITIES,R ATTIVITÀ PER LA SALUTE UMANA E DI ASSISTENZA SOCIALE
87.10,87.10 Residential nursing care activities,87.10 Attività di assistenza infermieristica residenziale,87.1,87.1 Residential nursing care activities,87.1 Attività di assistenza infermieristica residenziale,87,87 Residential care activities,87 Attività di assistenza residenziale,R,R HUMAN HEALTH AND SOCIAL WORK ACTIVITIES,R ATTIVITÀ PER LA SALUTE UMANA E DI ASSISTENZA SOCIALE
87.20,87.20 Residential care activities for persons living with or having a diagnosis of a mental illness or substance abuse,87.20 Attività di assistenza residenziale per persone affette da disturbi mentali o abuso di sostanze,87.2,87.2 Residential care activities for persons living with or having a diagnosis of a mental illness or substance abuse,87.2 Attività di assistenza residenziale per persone affette da disturbi mentali o abuso di sostanze,87,87 Residential care activities,87 Attività di assistenza residenziale,R,R HUMAN HEALTH AND SOCIAL WORK ACTIVITIES,R ATTIVITÀ PER LA SALUTE UMANA E DI ASSISTENZA SOCIALE
87.30,87.30 Residential care activities for older persons or persons with physical disabilities,87.30 Attività di assistenza residenziale per anziani o persone con disabilità fisiche,87.3,87.3 Residential care activities for older persons or persons with physical disabilities,87.3 Attività di assistenza residenziale per anziani o persone con disabilità fisiche,87,87 Residential care activities,87 Attività di assistenza residenziale,R,R HUMAN HEALTH AND SOCIAL WORK ACTIVITIES,R ATTIVITÀ PER LA SALUTE UMANA E DI ASSISTENZA SOCIALE
87.91,87.91 Intermediation service activities for residential care activities,87.91 Attività di servizi di intermediazione per attività di assistenza residenziale,87.9,87.9 Other residential care activities,87.9 Altre attività di assistenza residenziale,87,87 Residential care activities,87 Attività di assistenza residenziale,R,R HUMAN HEALTH AND SOCIAL WORK ACTIVITIES,R ATTIVITÀ PER LA SALUTE UMANA E DI ASSISTENZA SOCIALE
87.99,87.99 Other residential care activities n.e.c.,87.99 Altre attività di assistenza residenziale n.c.a.,87.9,87.9 Other residential care activities,87.9 Altre attività di assistenza residenziale,87,87 Residential care activities,87 Attività di assistenza residenziale,R,R HUMAN HEALTH AND SOCIAL WORK ACTIVITIES,R ATTIVITÀ PER LA SALUTE UMANA E DI ASSISTENZA SOCIALE
88.10,88.10 Social work activities without accommodation for older persons or persons with disabilities,88.10 Attività di assistenza sociale non residenziale per anziani o persone con disabilità,88.1,88.1 Social work activities without accommodation for older persons or persons with disabilities,88.1 Attività di assistenza sociale non residenziale per anziani o persone con disabilità,88,88 Social work activities without accommodation,88 Attività di assistenza sociale non residenziale,R,R HUMAN HEALTH AND SOCIAL WORK ACTIVITIES,R ATTIVITÀ PER LA SALUTE UMANA E DI ASSISTENZA SOCIALE
88.91,88.91 Child day-care activities,88.91 Attività di assistenza diurna per l’infanzia,88.9,88.9 Other social work activities without accommodation,88.9 Altre attività di assistenza sociale non residenziale,88,88 Social work activities without accommodation,88 Attività di assistenza sociale non residenziale,R,R HUMAN HEALTH AND SOCIAL WORK ACTIVITIES,R ATTIVITÀ PER LA SALUTE UMANA E DI ASSISTENZA SOCIALE
88.99,88.99 Other social work activities without accommodation n.e.c.,88.99 Altre attività di assistenza sociale non residenziale n.c.a.,88.9,88.9 Other social work activities without accommodation,88.9 Altre attività di assistenza sociale non residenziale,88,88 Social work activities without accommodation,88 Attività di assistenza sociale non residenziale,R,R HUMAN HEALTH AND SOCIAL WORK ACTIVITIES,R ATTIVITÀ PER LA SALUTE UMANA E DI ASSISTENZA SOCIALE
90.11,90.11 Literary creation and musical composition activities,90.11 Attività di creazione letteraria e composizione musicale,90.1,90.1 Arts creation activities,90.1 Attività di creazione artistica,90,90 Arts creation and performing arts activities,90 Attività di creazione artistica e rappresentazioni artistiche,S,"S ARTS, SPORTS AND RECREATION","S ATTIVITÀ ARTISTICHE, SPORTIVE E DI DIVERTIMENTO"
90.12,90.12 Visual arts creation activities,90.12 Attività di creazione di arti visive,90.1,90.1 Arts creation activities,90.1 Attività di creazione artistica,90,90 Arts creation and performing arts activities,90 Attività di creazione artistica e rappresentazioni artistiche,S,"S ARTS, SPORTS AND RECREATION","S ATTIVITÀ ARTISTICHE, SPORTIVE E DI DIVERTIMENTO"
90.13,90.13 Other arts creation activities,90.13 Altre attività di creazione artistica,90.1,90.1 Arts creation activities,90.1 Attività di creazione artistica,90,90 Arts creation and performing arts activities,90 Attività di creazione artistica e rappresentazioni artistiche,S,"S ARTS, SPORTS AND RECREATION","S ATTIVITÀ ARTISTICHE, SPORTIVE E DI DIVERTIMENTO"
90.20,90.20 Activities of performing arts,90.20 Attività di arti performative e rappresentazioni artistiche,90.2,90.2 Activities of performing arts,90.2 Attività di arti performative e rappresentazioni artistiche,90,90 Arts creation and performing arts activities,90 Attività di creazione artistica e rappresentazioni artistiche,S,"S ARTS, SPORTS AND RECREATION","S ATTIVITÀ ARTISTICHE, SPORTIVE E DI DIVERTIMENTO"
90.31,90.31 Operation of arts facilities and sites,90.31 Gestione di strutture e spazi per le arti,90.3,90.3 Support activities to arts creation and performing arts,90.3 Attività di supporto alle creazioni e alle arti performative e rappresentazioni artistiche,90,90 Arts creation and performing arts activities,90 Attività di creazione artistica e rappresentazioni artistiche,S,"S ARTS, SPORTS AND RECREATION","S ATTIVITÀ ARTISTICHE, SPORTIVE E DI DIVERTIMENTO"
90.39,90.39 Other support activities to arts and performing arts,90.39 Altre attività di supporto alle arti performative e alle rappresentazioni artistiche,90.3,90.3 Support activities to arts creation and performing arts,90.3 Attività di supporto alle creazioni e alle arti performative e rappresentazioni artistiche,90,90 Arts creation and performing arts activities,90 Attività di creazione artistica e rappresentazioni artistiche,S,"S ARTS, SPORTS AND RECREATION","S ATTIVITÀ ARTISTICHE, SPORTIVE E DI DIVERTIMENTO"
91.11,91.11 Library activities,91.11 Attività di biblioteche,91.1,91.1 Library and archive activities,91.1 Attività di biblioteche e archivi,91,"91 Libraries, archives, museums and other cultural activities","91 Attività di biblioteche, archivi, musei e altre attività culturali",S,"S ARTS, SPORTS AND RECREATION","S ATTIVITÀ ARTISTICHE, SPORTIVE E DI DIVERTIMENTO"
91.12,91.12 Archive activities,91.12 Attività di archivi,91.1,91.1 Library and archive activities,91.1 Attività di biblioteche e archivi,91,"91 Libraries, archives, museums and other cultural activities","91 Attività di biblioteche, archivi, musei e altre attività culturali",S,"S ARTS, SPORTS AND RECREATION","S ATTIVITÀ ARTISTICHE, SPORTIVE E DI DIVERTIMENTO"
91.21,91.21 Museum and collection activities,91.21 Attività di musei e collezioni,91.2,"91.2 Museum, collection, historical site and monument activities","91.2 Attività di musei, collezioni, luoghi e monumenti storici",91,"91 Libraries, archives, museums and other cultural activities","91 Attività di biblioteche, archivi, musei e altre attività culturali",S,"S ARTS, SPORTS AND RECREATION","S ATTIVITÀ ARTISTICHE, SPORTIVE E DI DIVERTIMENTO"
91.22,91.22 Historical site and monument activities,91.22 Attività di luoghi e monumenti storici,91.2,"91.2 Museum, collection, historical site and monument activities","91.2 Attività di musei, collezioni, luoghi e monumenti storici",91,"91 Libraries, archives, museums and other cultural activities","91 Attività di biblioteche, archivi, musei e altre attività culturali",S,"S ARTS, SPORTS AND RECREATION","S ATTIVITÀ ARTISTICHE, SPORTIVE E DI DIVERTIMENTO"
91.30,"91.30 Conservation, restoration and other support activities for cultural heritage","91.30 Conservazione, restauro e altre attività di supporto al patrimonio culturale",91.3,"91.3 Conservation, restoration and other support activities for cultural heritage","91.3 Conservazione, restauro e altre attività di supporto al patrimonio culturale",91,"91 Libraries, archives, museums and other cultural activities","91 Attività di biblioteche, archivi, musei e altre attività culturali",S,"S ARTS, SPORTS AND RECREATION","S ATTIVITÀ ARTISTICHE, SPORTIVE E DI DIVERTIMENTO"
91.41,91.41 Botanical and zoological garden activities,91.41 Attività di orti botanici e giardini zoologici,91.4,91.4 Botanical and zoological garden and nature reserve activities,"91.4 Attività di orti botanici, giardini zoologici e riserve e parchi naturali",91,"91 Libraries, archives, museums and other cultural activities","91 Attività di biblioteche, archivi, musei e altre attività culturali",S,"S ARTS, SPORTS AND RECREATION","S ATTIVITÀ ARTISTICHE, SPORTIVE E DI DIVERTIMENTO"
91.42,91.42 Nature reserve activities,91.42 Attività di riserve e parchi naturali,91.4,91.4 Botanical and zoological garden and nature reserve activities,"91.4 Attività di orti botanici, giardini zoologici e riserve e parchi naturali",91,"91 Libraries, archives, museums and other cultural activities","91 Attività di biblioteche, archivi, musei e altre attività culturali",S,"S ARTS, SPORTS AND RECREATION","S ATTIVITÀ ARTISTICHE, SPORTIVE E DI DIVERTIMENTO"
92.00,92.00 Gambling and betting activities,"92.00 Attività di scommesse, lotterie e altri giochi d’azzardo",92.0,92.0 Gambling and betting activities,"92.0 Attività di scommesse, lotterie e altri giochi d’azzardo",92,92 Gambling and betting activities,"92 Attività di scommesse, lotterie e altri giochi d’azzardo",S,"S ARTS, SPORTS AND RECREATION","S ATTIVITÀ ARTISTICHE, SPORTIVE E DI DIVERTIMENTO"
93.11,93.11 Operation of sports facilities,93.11 Gestione di impianti sportivi,93.1,93.1 Sports activities,93.1 Attività sportive,93,93 Sports activities and amusement and recreation activities,"93 Attività sportive, di intrattenimento e divertimento",S,"S ARTS, SPORTS AND RECREATION","S ATTIVITÀ ARTISTICHE, SPORTIVE E DI DIVERTIMENTO"
93.12,93.12 Activities of sports clubs,93.12 Attività dei club sportivi,93.1,93.1 Sports activities,93.1 Attività sportive,93,93 Sports activities and amusement and recreation activities,"93 Attività sportive, di intrattenimento e divertimento",S,"S ARTS, SPORTS AND RECREATION","S ATTIVITÀ ARTISTICHE, SPORTIVE E DI DIVERTIMENTO"
93.13,93.13 Activities of fitness centres,93.13 Attività dei centri di fitness,93.1,93.1 Sports activities,93.1 Attività sportive,93,93 Sports activities and amusement and recreation activities,"93 Attività sportive, di intrattenimento e divertimento",S,"S ARTS, SPORTS AND RECREATION","S ATTIVITÀ ARTISTICHE, SPORTIVE E DI DIVERTIMENTO"
93.19,93.19 Sports activities n.e.c.,93.19 Attività sportive n.c.a.,93.1,93.1 Sports activities,93.1 Attività sportive,93,93 Sports activities and amusement and recreation activities,"93 Attività sportive, di intrattenimento e divertimento",S,"S ARTS, SPORTS AND RECREATION","S ATTIVITÀ ARTISTICHE, SPORTIVE E DI DIVERTIMENTO"
93.21,93.21 Activities of amusement parks and theme parks,93.21 Attività dei parchi di divertimento e dei parchi tematici,93.2,93.2 Amusement and recreation activities,93.2 Attività di intrattenimento e divertimento,93,93 Sports activities and amusement and recreation activities,"93 Attività sportive, di intrattenimento e divertimento",S,"S ARTS, SPORTS AND RECREATION","S ATTIVITÀ ARTISTICHE, SPORTIVE E DI DIVERTIMENTO"
93.29,93.29 Amusement and recreation activities n.e.c.,93.29 Attività di intrattenimento e divertimento n.c.a.,93.2,93.2 Amusement and recreation activities,93.2 Attività di intrattenimento e divertimento,93,93 Sports activities and amusement and recreation activities,"93 Attività sportive, di intrattenimento e divertimento",S,"S ARTS, SPORTS AND RECREATION","S ATTIVITÀ ARTISTICHE, SPORTIVE E DI DIVERTIMENTO"
94.11,94.11 Activities of business and employers membership organisations,94.11 Attività di organizzazioni di imprese e dei datori di lavoro,94.1,"94.1 Activities of business, employers and professional membership organisations","94.1 Attività di organizzazioni di imprese, dei datori di lavoro e professionali",94,94 Activities of membership organisations,94 Attività delle organizzazioni associative,T,T OTHER SERVICE ACTIVITIES,T ALTRE ATTIVITÀ DI SERVIZI
94.12,94.12 Activities of professional membership organisations,94.12 Attività delle organizzazioni professionali,94.1,"94.1 Activities of business, employers and professional membership organisations","94.1 Attività di organizzazioni di imprese, dei datori di lavoro e professionali",94,94 Activities of membership organisations,94 Attività delle organizzazioni associative,T,T OTHER SERVICE ACTIVITIES,T ALTRE ATTIVITÀ DI SERVIZI
94.20,94.20 Activities of trade unions,94.20 Attività dei sindacati di lavoratori,94.2,94.2 Activities of trade unions,94.2 Attività dei sindacati di lavoratori,94,94 Activities of membership organisations,94 Attività delle organizzazioni associative,T,T OTHER SERVICE ACTIVITIES,T ALTRE ATTIVITÀ DI SERVIZI
94.91,94.91 Activities of religious organisations,94.91 Attività delle organizzazioni religiose,94.9,94.9 Activities of other membership organisations,94.9 Attività di altre organizzazioni associative,94,94 Activities of membership organisations,94 Attività delle organizzazioni associative,T,T OTHER SERVICE ACTIVITIES,T ALTRE ATTIVITÀ DI SERVIZI
94.92,94.92 Activities of political organisations,94.92 Attività delle organizzazioni politiche,94.9,94.9 Activities of other membership organisations,94.9 Attività di altre organizzazioni associative,94,94 Activities of membership organisations,94 Attività delle organizzazioni associative,T,T OTHER SERVICE ACTIVITIES,T ALTRE ATTIVITÀ DI SERVIZI
94.99,94.99 Activities of other membership organisations n.e.c.,94.99 Attività di altre organizzazioni associative n.c.a.,94.9,94.9 Activities of other membership organisations,94.9 Attività di altre organizzazioni associative,94,94 Activities of membership organisations,94 Attività delle organizzazioni associative,T,T OTHER SERVICE ACTIVITIES,T ALTRE ATTIVITÀ DI SERVIZI
95.10,95.10 Repair and maintenance of computers and communication equipment,95.10 Riparazione e manutenzione di computer e di apparecchiature per le comunicazioni,95.1,95.1 Repair and maintenance of computers and communication equipment,95.1 Riparazione e manutenzione di computer e di apparecchiature per le comunicazioni,95,"95 Repair and maintenance of computers, personal and household goods, and motor vehicles and motorcycles","95 Riparazione e manutenzione di computer, beni per uso personale e per la casa, autoveicoli e motocicli",T,T OTHER SERVICE ACTIVITIES,T ALTRE ATTIVITÀ DI SERVIZI
95.21,95.21 Repair and maintenance of consumer electronics,95.21 Riparazione e manutenzione di prodotti di elettronica di consumo,95.2,95.2 Repair and maintenance of personal and household goods,95.2 Riparazione e manutenzione di beni per uso personale e per la casa,95,"95 Repair and maintenance of computers, personal and household goods, and motor vehicles and motorcycles","95 Riparazione e manutenzione di computer, beni per uso personale e per la casa, autoveicoli e motocicli",T,T OTHER SERVICE ACTIVITIES,T ALTRE ATTIVITÀ DI SERVIZI
95.22,95.22 Repair and maintenance of household appliances and home and garden equipment,95.22 Riparazione e manutenzione di elettrodomestici e di articoli per la casa e il giardinaggio,95.2,95.2 Repair and maintenance of personal and household goods,95.2 Riparazione e manutenzione di beni per uso personale e per la casa,95,"95 Repair and maintenance of computers, personal and household goods, and motor vehicles and motorcycles","95 Riparazione e manutenzione di computer, beni per uso personale e per la casa, autoveicoli e motocicli",T,T OTHER SERVICE ACTIVITIES,T ALTRE ATTIVITÀ DI SERVIZI
95.23,95.23 Repair and maintenance of footwear and leather goods,95.23 Riparazione e manutenzione di calzature e articoli in pelle,95.2,95.2 Repair and maintenance of personal and household goods,95.2 Riparazione e manutenzione di beni per uso personale e per la casa,95,"95 Repair and maintenance of computers, personal and household goods, and motor vehicles and motorcycles","95 Riparazione e manutenzione di computer, beni per uso personale e per la casa, autoveicoli e motocicli",T,T OTHER SERVICE ACTIVITIES,T ALTRE ATTIVITÀ DI SERVIZI
95.24,95.24 Repair and maintenance of furniture and home furnishings,95.24 Riparazione e manutenzione di mobili e di oggetti di arredamento per la casa,95.2,95.2 Repair and maintenance of personal and household goods,95.2 Riparazione e manutenzione di beni per uso personale e per la casa,95,"95 Repair and maintenance of computers, personal and household goods, and motor vehicles and motorcycles","95 Riparazione e manutenzione di computer, beni per uso personale e per la casa, autoveicoli e motocicli",T,T OTHER SERVICE ACTIVITIES,T ALTRE ATTIVITÀ DI SERVIZI
95.25,"95.25 Repair and maintenance of watches, clocks and jewellery",95.25 Riparazione e manutenzione di orologi e gioielli,95.2,95.2 Repair and maintenance of personal and household goods,95.2 Riparazione e manutenzione di beni per uso personale e per la casa,95,"95 Repair and maintenance of computers, personal and household goods, and motor vehicles and motorcycles","95 Riparazione e manutenzione di computer, beni per uso personale e per la casa, autoveicoli e motocicli",T,T OTHER SERVICE ACTIVITIES,T ALTRE ATTIVITÀ DI SERVIZI
95.29,95.29 Repair and maintenance of personal and household goods n.e.c.,95.29 Riparazione e manutenzione di beni per uso personale e per la casa n.c.a.,95.2,95.2 Repair and maintenance of personal and household goods,95.2 Riparazione e manutenzione di beni per uso personale e per la casa,95,"95 Repair and maintenance of computers, personal and household goods, and motor vehicles and motorcycles","95 Riparazione e manutenzione di computer, beni per uso personale e per la casa, autoveicoli e motocicli",T,T OTHER SERVICE ACTIVITIES,T ALTRE ATTIVITÀ DI SERVIZI
95.31,95.31 Repair and maintenance of motor vehicles,95.31 Riparazione e manutenzione di autoveicoli,95.3,95.3 Repair and maintenance of motor vehicles and motorcycles,95.3 Riparazione e manutenzione di autoveicoli e motocicli,95,"95 Repair and maintenance of computers, personal and household goods, and motor vehicles and motorcycles","95 Riparazione e manutenzione di computer, beni per uso personale e per la casa, autoveicoli e motocicli",T,T OTHER SERVICE ACTIVITIES,T ALTRE ATTIVITÀ DI SERVIZI
95.32,95.32 Repair and maintenance of motorcycles,95.32 Riparazione e manutenzione di motocicli,95.3,95.3 Repair and maintenance of motor vehicles and motorcycles,95.3 Riparazione e manutenzione di autoveicoli e motocicli,95,"95 Repair and maintenance of computers, personal and household goods, and motor vehicles and motorcycles","95 Riparazione e manutenzione di computer, beni per uso personale e per la casa, autoveicoli e motocicli",T,T OTHER SERVICE ACTIVITIES,T ALTRE ATTIVITÀ DI SERVIZI
95.40,"95.40 Intermediation service activities for repair and maintenance of computers, personal and household goods, and motor vehicles and motorcycles","95.40 Attività di servizi di intermediazione per la riparazione e la manutenzione di computer, beni per uso personale e per la casa, autoveicoli e motocicli",95.4,"95.4 Intermediation service activities for repair and maintenance of computers, personal and household goods, and motor vehicles and motorcycles","95.4 Attività di servizi di intermediazione per la riparazione e la manutenzione di computer, beni per uso personale e per la casa, autoveicoli e motocicli",95,"95 Repair and maintenance of computers, personal and household goods, and motor vehicles and motorcycles","95 Riparazione e manutenzione di computer, beni per uso personale e per la casa, autoveicoli e motocicli",T,T OTHER SERVICE ACTIVITIES,T ALTRE ATTIVITÀ DI SERVIZI
96.10,96.10 Washing and cleaning of textile and fur products,96.10 Servizi di lavaggio e pulitura di prodotti tessili e pellicce,96.1,96.1 Washing and cleaning of textile and fur products,96.1 Servizi di lavaggio e pulitura di prodotti tessili e pellicce,96,96 Personal service activities,96 Attività di servizi alla persona,T,T OTHER SERVICE ACTIVITIES,T ALTRE ATTIVITÀ DI SERVIZI
96.21,96.21 Hairdressing and barber activities,96.21 Servizi di parrucchieri e barbieri,96.2,"96.2 Hairdressing, beauty treatment, day spa and similar activities","96.2 Servizi di parrucchieri e barbieri, trattamenti di bellezza, centri benessere e attività simili",96,96 Personal service activities,96 Attività di servizi alla persona,T,T OTHER SERVICE ACTIVITIES,T ALTRE ATTIVITÀ DI SERVIZI
96.22,96.22 Beauty care and other beauty treatment activities,96.22 Servizi di cura della bellezza e altri trattamenti di bellezza,96.2,"96.2 Hairdressing, beauty treatment, day spa and similar activities","96.2 Servizi di parrucchieri e barbieri, trattamenti di bellezza, centri benessere e attività simili",96,96 Personal service activities,96 Attività di servizi alla persona,T,T OTHER SERVICE ACTIVITIES,T ALTRE ATTIVITÀ DI SERVIZI
96.23,"96.23 Day spa, sauna and steam bath activities","96.23 Servizi di centri benessere, sauna e bagno di vapore",96.2,"96.2 Hairdressing, beauty treatment, day spa and similar activities","96.2 Servizi di parrucchieri e barbieri, trattamenti di bellezza, centri benessere e attività simili",96,96 Personal service activities,96 Attività di servizi alla persona,T,T OTHER SERVICE ACTIVITIES,T ALTRE ATTIVITÀ DI SERVIZI
96.30,96.30 Funeral and related activities,96.30 Servizi funerari e attività connesse,96.3,96.3 Funeral and related activities,96.3 Servizi funerari e attività connesse,96,96 Personal service activities,96 Attività di servizi alla persona,T,T OTHER SERVICE ACTIVITIES,T ALTRE ATTIVITÀ DI SERVIZI
96.40,96.40 Intermediation service activities for personal services,96.40 Attività di servizi di intermediazione per servizi alla persona,96.4,96.4 Intermediation service activities for personal services,96.4 Attività di servizi di intermediazione per servizi alla persona,96,96 Personal service activities,96 Attività di servizi alla persona,T,T OTHER SERVICE ACTIVITIES,T ALTRE ATTIVITÀ DI SERVIZI
96.91,96.91 Provision of domestic personal service activities,96.91 Fornitura di servizi domestici,96.9,96.9 Other personal service activities,96.9 Altre attività di servizi alla persona,96,96 Personal service activities,96 Attività di servizi alla persona,T,T OTHER SERVICE ACTIVITIES,T ALTRE ATTIVITÀ DI SERVIZI
96.99,96.99 Other personal service activities n.e.c.,96.99 Altre attività di servizi alla persona n.c.a.,96.9,96.9 Other personal service activities,96.9 Altre attività di servizi alla persona,96,96 Personal service activities,96 Attività di servizi alla persona,T,T OTHER SERVICE ACTIVITIES,T ALTRE ATTIVITÀ DI SERVIZI
97.00,97.00 Activities of households as employers of domestic personnel,97.00 Attività di famiglie e convivenze come datori di lavoro per personale domestico,97.0,97.0 Activities of households as employers of domestic personnel,97.0 Attività di famiglie e convivenze come datori di lavoro per personale domestico,97,97 Activities of households as employers of domestic personnel,97 Attività di famiglie e convivenze come datori di lavoro per personale domestico,U,U ACTIVITIES OF HOUSEHOLDS AS EMPLOYERS AND UNDIFFERENTIATED GOODS - AND SERVICE-PRODUCING ACTIVITIES OF HOUSEHOLDS FOR OWN USE,U ATTIVITÀ DI FAMIGLIE E CONVIVENZE COME DATORI DI LAVORO PER PERSONALE DOMESTICO E PRODUZIONE DI BENI E SERVIZI INDIFFERENZIATI PER USO PROPRIO DA PARTE DI FAMIGLIE E CONVIVENZE
98.10,98.10 Undifferentiated goods-producing activities of private households for own use,98.10 Produzione di beni indifferenziati per uso proprio da parte di famiglie e convivenze,98.1,98.1 Undifferentiated goods-producing activities of private households for own use,98.1 Produzione di beni indifferenziati per uso proprio da parte di famiglie e convivenze,98,98 Undifferentiated goods- and service-producing activities of private households for own use,98 Produzione di beni e di servizi indifferenziati per uso proprio da parte di famiglie e convivenze,U,U ACTIVITIES OF HOUSEHOLDS AS EMPLOYERS AND UNDIFFERENTIATED GOODS - AND SERVICE-PRODUCING ACTIVITIES OF HOUSEHOLDS FOR OWN USE,U ATTIVITÀ DI FAMIGLIE E CONVIVENZE COME DATORI DI LAVORO PER PERSONALE DOMESTICO E PRODUZIONE DI BENI E SERVIZI INDIFFERENZIATI PER USO PROPRIO DA PARTE DI FAMIGLIE E CONVIVENZE
98.20,98.20 Undifferentiated service-producing activities of private households for own use,98.20 Produzione di servizi indifferenziati per uso proprio da parte di famiglie e convivenze,98.2,98.2 Undifferentiated service-producing activities of private households for own use,98.2 Produzione di servizi indifferenziati per uso proprio da parte di famiglie e convivenze,98,98 Undifferentiated goods- and service-producing activities of private households for own use,98 Produzione di beni e di servizi indifferenziati per uso proprio da parte di famiglie e convivenze,U,U ACTIVITIES OF HOUSEHOLDS AS EMPLOYERS AND UNDIFFERENTIATED GOODS - AND SERVICE-PRODUCING ACTIVITIES OF HOUSEHOLDS FOR OWN USE,U ATTIVITÀ DI FAMIGLIE E CONVIVENZE COME DATORI DI LAVORO PER PERSONALE DOMESTICO E PRODUZIONE DI BENI E SERVIZI INDIFFERENZIATI PER USO PROPRIO DA PARTE DI FAMIGLIE E CONVIVENZE
99.00,99.00 Activities of extraterritorial organisations and bodies,99.00 Attività di organizzazioni ed organismi extraterritoriali,99.0,99.0 Activities of extraterritorial organisations and bodies,99.0 Attività di organizzazioni ed organismi extraterritoriali,99,99 Activities of extraterritorial organisations and bodies,99 Attività di organizzazioni ed organismi extraterritoriali,V,V ACTIVITIES OF EXTRATERRITORIAL ORGANISATIONS AND BODIES,V ATTIVITÀ DI ORGANIZZAZIONI E ORGANISMI EXTRATERRITORIALI
